timestamp_utc,label,detail
2026-07-24T09:29:45,idle_start,initial_idle
2026-07-24T09:32:45,idle_end,initial_idle
2026-07-24T09:32:45,idle_round,round_1
2026-07-24T09:33:47,attack,suid:test-pod
2026-07-24T09:33:50,attack,shell_config:test-pod-apt
2026-07-24T09:33:56,attack,pkg_mgmt:test-pod-apt
2026-07-24T09:34:49,attack,shell:test-pod
2026-07-24T09:34:52,attack,pkg_mgmt:test-pod-apt
2026-07-24T09:36:20,attack,k8s_api:test-pod-apt
2026-07-24T09:37:15,attack,ssh_info:test-pod-apt
2026-07-24T09:38:07,attack,env_privesc:test-pod-apt
2026-07-24T09:38:12,attack,shell:test-pod
2026-07-24T09:38:45,attack,k8s_api:test-pod-apt
2026-07-24T09:38:51,attack,binary_drop:test-pod
2026-07-24T09:38:55,attack,write_root:test-pod
2026-07-24T09:39:00,attack,ssh_info:test-pod-apt
2026-07-24T09:40:09,attack,ssh_info:test-pod-apt
2026-07-24T09:40:16,attack,sensitive_file:test-pod
2026-07-24T09:40:19,attack,env_privesc:test-pod-apt
2026-07-24T09:40:24,attack,shell_config:test-pod-apt
2026-07-24T09:40:26,attack,k8s_api:test-pod-apt
2026-07-24T09:40:30,attack,binary_drop:test-pod
2026-07-24T09:41:18,attack,suid:test-pod
2026-07-24T09:41:24,attack,pkg_mgmt:test-pod-apt
2026-07-24T09:42:06,idle_round,round_10
2026-07-24T09:43:44,attack,clear_history:test-pod-apt
2026-07-24T09:43:46,attack,rsync:test-pod-apt
2026-07-24T09:43:47,attack,shell_config:test-pod-apt
2026-07-24T09:45:19,attack,write_root:test-pod
2026-07-24T09:45:21,attack,sensitive_file:test-pod
2026-07-24T09:45:28,attack,pkg_mgmt:test-pod-apt
2026-07-24T09:45:33,attack,rsync:test-pod-apt
2026-07-24T09:45:34,attack,env_privesc:test-pod-apt
2026-07-24T09:45:35,attack,shell_config:test-pod-apt
2026-07-24T09:46:53,attack,shell:test-pod
2026-07-24T09:46:59,attack,k8s_api:test-pod-apt
2026-07-24T09:47:45,attack,binary_drop:test-pod
2026-07-24T09:47:48,attack,k8s_api:test-pod-apt
2026-07-24T09:47:50,attack,shell_config:test-pod-apt
2026-07-24T09:47:51,attack,ssh_info:test-pod-apt
2026-07-24T09:47:54,attack,shell:test-pod
2026-07-24T09:47:59,attack,sensitive_file:test-pod
2026-07-24T09:48:04,attack,suid:test-pod
2026-07-24T09:48:07,attack,env_privesc:test-pod-apt
2026-07-24T09:49:32,attack,clear_history:test-pod-apt
2026-07-24T09:49:34,attack,pkg_mgmt:test-pod-apt
2026-07-24T09:49:37,attack,shell_config:test-pod-apt
2026-07-24T09:50:08,idle_start,final_idle
2026-07-24T09:53:08,idle_end,final_idle
