pod_name,namespace,timestamp,triggering_rule,event_count,critical_count,distinct_rules,max_priority_weight,avg_priority_weight,terminal_shell_in_container,drop_and_execute_new_binary_in,read_sensitive_file_untrusted,suspicious_suid_bit_set,contact_k8s_api_server_from_co,error_count,distinct_mitre_tactics,rule__change_namespace_privileges_via_unshare,rule__change_thread_namespace,rule__contact_k8s_api_server_from_container,rule__delete_or_rename_shell_history,rule__drop_and_execute_new_binary_in_container,rule__launch_ingress_remote_file_copy_tools_in,rule__launch_package_management_process_in_con,rule__launch_privileged_container,rule__launch_sensitive_mount_container,rule__potential_local_privilege_escalation_via,rule__read_sensitive_file_untrusted,rule__read_ssh_information,rule__set_setuid_or_setgid_bit,rule__system_procs_network_activity,rule__write_below_root,mitre_collection,mitre_command_and_control,mitre_credential_access,mitre_defense_evasion,mitre_discovery,mitre_execution,mitre_persistence,mitre_privilege_escalation,pod_age_seconds,delete_or_rename_shell_history,env_var_privesc,modify_shell_config,package_mgmt_process,read_ssh_information,remote_file_copy_tools,write_below_root,ev_sensitive_path,ev_download_or_pipe,ev_pkg_proc,ev_proc_is_shell,ts,label,run_id,target
test-pod-apt-run12,default,2026-09-29T11:01:43.497326+00:00,Launch Package Management Process in Container,2,0,1,3,3.0,0.0,0.0,0.0,0.0,0.0,,,,,,,,,,,,,,,,,,,,,,,,,,192.496121,0.0,0.0,0.0,1.0,0.0,0.0,0.0,,,,,2026-09-29 11:01:43.497326+00:00,benign,run12,0
test-pod-apt-run12,default,2026-09-29T11:01:49.902409+00:00,Drop and execute new binary in container,3,1,2,4,3.3333333333333335,0.0,1.0,0.0,0.0,0.0,,,,,,,,,,,,,,,,,,,,,,,,,,198.901205,0.0,0.0,0.0,1.0,0.0,0.0,0.0,,,,,2026-09-29 11:01:49.902409+00:00,benign,run12,0
test-pod-apt-run12,default,2026-09-29T11:01:51.084913+00:00,Delete or rename shell history,4,1,3,4,3.0,0.0,1.0,0.0,0.0,0.0,,,,,,,,,,,,,,,,,,,,,,,,,,200.084034,1.0,0.0,0.0,1.0,0.0,0.0,0.0,,,,,2026-09-29 11:01:51.084913+00:00,benign,run12,0
test-pod-apt-run12,default,2026-09-29T11:01:52.192854+00:00,Write below root,5,1,4,4,3.0,0.0,1.0,0.0,0.0,0.0,,,,,,,,,,,,,,,,,,,,,,,,,,201.189228,1.0,0.0,0.0,1.0,0.0,0.0,1.0,,,,,2026-09-29 11:01:52.192854+00:00,benign,run12,0
test-pod-run12,default,2026-09-29T11:01:56.288868+00:00,Read sensitive file untrusted,1,0,1,2,2.0,0.0,0.0,1.0,0.0,0.0,,,,,,,,,,,,,,,,,,,,,,,,,,214.287225,0.0,0.0,0.0,0.0,0.0,0.0,0.0,,,,,2026-09-29 11:01:56.288868+00:00,attack,run12,1
test-pod-run12,default,2026-09-29T11:03:35.477043+00:00,Set Setuid or Setgid bit,2,0,2,2,1.5,0.0,0.0,1.0,1.0,0.0,,,,,,,,,,,,,,,,,,,,,,,,,,313.476177,0.0,0.0,0.0,0.0,0.0,0.0,0.0,,,,,2026-09-29 11:03:35.477043+00:00,attack,run12,1
test-pod-run12,default,2026-09-29T11:03:41.572673+00:00,Read sensitive file untrusted,3,0,2,2,1.6666666666666667,0.0,0.0,1.0,1.0,0.0,,,,,,,,,,,,,,,,,,,,,,,,,,319.571065,0.0,0.0,0.0,0.0,0.0,0.0,0.0,,,,,2026-09-29 11:03:41.572673+00:00,attack,run12,1
test-pod-run12,default,2026-09-29T11:03:42.689089+00:00,Write below root,4,0,3,3,2.0,0.0,0.0,1.0,1.0,0.0,,,,,,,,,,,,,,,,,,,,,,,,,,320.68498,0.0,0.0,0.0,0.0,0.0,0.0,1.0,,,,,2026-09-29 11:03:42.689089+00:00,attack,run12,1
test-pod-apt-run12,default,2026-09-29T11:03:46.797227+00:00,Potential Local Privilege Escalation via Environment Variables Misuse,4,1,4,4,2.5,0.0,1.0,0.0,0.0,0.0,,,,,,,,,,,,,,,,,,,,,,,,,,315.79606,1.0,1.0,0.0,0.0,0.0,0.0,1.0,,,,,2026-09-29 11:03:46.797227+00:00,attack,run12,1
test-pod-apt-run12,default,2026-09-29T11:03:50.904053+00:00,Launch Package Management Process in Container,4,0,4,3,2.25,0.0,0.0,0.0,0.0,0.0,,,,,,,,,,,,,,,,,,,,,,,,,,319.902162,1.0,1.0,0.0,1.0,0.0,0.0,1.0,,,,,2026-09-29 11:03:50.904053+00:00,attack,run12,1
test-pod-apt-run12,default,2026-09-29T11:06:17.080984+00:00,Potential Local Privilege Escalation via Environment Variables Misuse,1,0,1,1,1.0,0.0,0.0,0.0,0.0,0.0,,,,,,,,,,,,,,,,,,,,,,,,,,466.080073,0.0,1.0,0.0,0.0,0.0,0.0,0.0,,,,,2026-09-29 11:06:17.080984+00:00,attack,run12,1
test-pod-run12,default,2026-09-29T11:07:50.286183+00:00,Write below root,1,0,1,3,3.0,0.0,0.0,0.0,0.0,0.0,,,,,,,,,,,,,,,,,,,,,,,,,,568.285285,0.0,0.0,0.0,0.0,0.0,0.0,1.0,,,,,2026-09-29 11:07:50.286183+00:00,attack,run12,1
test-pod-apt-run12,default,2026-09-29T11:11:12.445484+00:00,Write below root,1,0,1,3,3.0,0.0,0.0,0.0,0.0,0.0,,,,,,,,,,,,,,,,,,,,,,,,,,761.444546,0.0,0.0,0.0,0.0,0.0,0.0,1.0,,,,,2026-09-29 11:11:12.445484+00:00,attack,run12,1
test-pod-run12,default,2026-09-29T11:11:47.655553+00:00,Write below root,1,0,1,3,3.0,0.0,0.0,0.0,0.0,0.0,,,,,,,,,,,,,,,,,,,,,,,,,,805.653792,0.0,0.0,0.0,0.0,0.0,0.0,1.0,,,,,2026-09-29 11:11:47.655553+00:00,attack,run12,1
test-pod-apt-run12,default,2026-09-29T11:11:52.781380+00:00,Write below root,2,0,1,3,3.0,0.0,0.0,0.0,0.0,0.0,,,,,,,,,,,,,,,,,,,,,,,,,,801.780389,0.0,0.0,0.0,0.0,0.0,0.0,1.0,,,,,2026-09-29 11:11:52.781380+00:00,attack,run12,1
test-pod-apt-run12,default,2026-09-29T11:11:57.178456+00:00,Drop and execute new binary in container,3,1,2,4,3.3333333333333335,0.0,1.0,0.0,0.0,0.0,,,,,,,,,,,,,,,,,,,,,,,,,,806.174876,0.0,0.0,0.0,0.0,0.0,0.0,1.0,,,,,2026-09-29 11:11:57.178456+00:00,attack,run12,1
test-pod-apt-run12,default,2026-09-29T11:11:57.202205+00:00,Contact K8S API Server From Container,4,1,3,4,2.75,0.0,1.0,0.0,0.0,1.0,,,,,,,,,,,,,,,,,,,,,,,,,,806.201203,0.0,0.0,0.0,0.0,0.0,0.0,1.0,,,,,2026-09-29 11:11:57.202205+00:00,attack,run12,1
test-pod-apt-run12,default,2026-09-29T11:14:40.300669+00:00,Potential Local Privilege Escalation via Environment Variables Misuse,1,0,1,1,1.0,0.0,0.0,0.0,0.0,0.0,,,,,,,,,,,,,,,,,,,,,,,,,,969.299181,0.0,1.0,0.0,0.0,0.0,0.0,0.0,,,,,2026-09-29 11:14:40.300669+00:00,attack,run12,1
test-pod-run12,default,2026-09-29T11:14:46.431225+00:00,Set Setuid or Setgid bit,1,0,1,1,1.0,0.0,0.0,0.0,1.0,0.0,,,,,,,,,,,,,,,,,,,,,,,,,,984.429664,0.0,0.0,0.0,0.0,0.0,0.0,0.0,,,,,2026-09-29 11:14:46.431225+00:00,attack,run12,1
test-pod-apt-run12,default,2026-09-29T11:14:51.678486+00:00,Launch Package Management Process in Container,2,0,2,3,2.0,0.0,0.0,0.0,0.0,0.0,,,,,,,,,,,,,,,,,,,,,,,,,,980.673882,0.0,1.0,0.0,1.0,0.0,0.0,0.0,,,,,2026-09-29 11:14:51.678486+00:00,attack,run12,1
test-pod-run12,default,2026-09-29T11:16:00.722617+00:00,Write below root,2,0,2,3,2.0,0.0,0.0,0.0,1.0,0.0,,,,,,,,,,,,,,,,,,,,,,,,,,1058.721038,0.0,0.0,0.0,0.0,0.0,0.0,1.0,,,,,2026-09-29 11:16:00.722617+00:00,attack,run12,1
test-pod-run12,default,2026-09-29T11:16:01.870784+00:00,Drop and execute new binary in container,3,1,3,4,2.6666666666666665,0.0,1.0,0.0,1.0,0.0,,,,,,,,,,,,,,,,,,,,,,,,,,1059.86945,0.0,0.0,0.0,0.0,0.0,0.0,1.0,,,,,2026-09-29 11:16:01.870784+00:00,attack,run12,1
test-pod-apt-run12,default,2026-09-29T11:16:02.996852+00:00,Drop and execute new binary in container,3,1,3,4,2.6666666666666665,0.0,1.0,0.0,0.0,0.0,,,,,,,,,,,,,,,,,,,,,,,,,,1051.995416,0.0,1.0,0.0,1.0,0.0,0.0,0.0,,,,,2026-09-29 11:16:02.996852+00:00,attack,run12,1
test-pod-apt-run12,default,2026-09-29T11:16:03.026466+00:00,Contact K8S API Server From Container,4,1,4,4,2.25,0.0,1.0,0.0,0.0,1.0,,,,,,,,,,,,,,,,,,,,,,,,,,1052.023035,0.0,1.0,0.0,1.0,0.0,0.0,0.0,,,,,2026-09-29 11:16:03.026466+00:00,attack,run12,1
test-pod-apt-run12,default,2026-09-29T11:17:49.298210+00:00,Drop and execute new binary in container,3,2,2,4,3.0,0.0,1.0,0.0,0.0,1.0,,,,,,,,,,,,,,,,,,,,,,,,,,1158.294251,0.0,0.0,0.0,0.0,0.0,0.0,0.0,,,,,2026-09-29 11:17:49.298210+00:00,attack,run12,1
test-pod-apt-run12,default,2026-09-29T11:17:49.315449+00:00,Contact K8S API Server From Container,4,2,2,4,2.5,0.0,1.0,0.0,0.0,1.0,,,,,,,,,,,,,,,,,,,,,,,,,,1158.310914,0.0,0.0,0.0,0.0,0.0,0.0,0.0,,,,,2026-09-29 11:17:49.315449+00:00,attack,run12,1
test-pod-apt-run12,default,2026-09-29T11:17:56.616451+00:00,Launch Package Management Process in Container,5,2,3,4,2.6,0.0,1.0,0.0,0.0,1.0,,,,,,,,,,,,,,,,,,,,,,,,,,1165.614258,0.0,0.0,0.0,1.0,0.0,0.0,0.0,,,,,2026-09-29 11:17:56.616451+00:00,attack,run12,1
test-pod-apt-run12,default,2026-09-29T11:18:03.362032+00:00,Potential Local Privilege Escalation via Environment Variables Misuse,4,1,4,4,2.25,0.0,1.0,0.0,0.0,1.0,,,,,,,,,,,,,,,,,,,,,,,,,,1172.360096,0.0,1.0,0.0,1.0,0.0,0.0,0.0,,,,,2026-09-29 11:18:03.362032+00:00,attack,run12,1
test-pod-apt-run12,default,2026-09-29T11:18:08.627915+00:00,Delete or rename shell history,5,1,5,4,2.2,0.0,1.0,0.0,0.0,1.0,,,,,,,,,,,,,,,,,,,,,,,,,,1177.625989,1.0,1.0,0.0,1.0,0.0,0.0,0.0,,,,,2026-09-29 11:18:08.627915+00:00,attack,run12,1
test-pod-run12,default,2026-09-29T11:18:13.753207+00:00,Write below root,1,0,1,3,3.0,0.0,0.0,0.0,0.0,0.0,,,,,,,,,,,,,,,,,,,,,,,,,,1191.752243,0.0,0.0,0.0,0.0,0.0,0.0,1.0,,,,,2026-09-29 11:18:13.753207+00:00,attack,run12,1
test-pod-apt-run13,default,2026-09-29T11:30:36.265432+00:00,Launch Package Management Process in Container,2,0,1,3,3.0,0.0,0.0,0.0,0.0,0.0,,,,,,,,,,,,,,,,,,,,,,,,,,191.263465,0.0,0.0,0.0,1.0,0.0,0.0,0.0,,,,,2026-09-29 11:30:36.265432+00:00,benign,run13,0
test-pod-apt-run13,default,2026-09-29T11:30:42.560141+00:00,Drop and execute new binary in container,3,1,2,4,3.3333333333333335,0.0,1.0,0.0,0.0,0.0,,,,,,,,,,,,,,,,,,,,,,,,,,197.559074,0.0,0.0,0.0,1.0,0.0,0.0,0.0,,,,,2026-09-29 11:30:42.560141+00:00,benign,run13,0
test-pod-apt-run13,default,2026-09-29T11:30:43.741445+00:00,Launch Package Management Process in Container,4,1,2,4,3.25,0.0,1.0,0.0,0.0,0.0,,,,,,,,,,,,,,,,,,,,,,,,,,198.740492,0.0,0.0,0.0,1.0,0.0,0.0,0.0,,,,,2026-09-29 11:30:43.741445+00:00,benign,run13,0
test-pod-apt-run13,default,2026-09-29T11:30:51.336385+00:00,Drop and execute new binary in container,5,2,2,4,3.4,0.0,1.0,0.0,0.0,0.0,,,,,,,,,,,,,,,,,,,,,,,,,,206.33022,0.0,0.0,0.0,1.0,0.0,0.0,0.0,,,,,2026-09-29 11:30:51.336385+00:00,attack,run13,1
test-pod-apt-run13,default,2026-09-29T11:30:51.354388+00:00,Contact K8S API Server From Container,6,2,3,4,3.0,0.0,1.0,0.0,0.0,1.0,,,,,,,,,,,,,,,,,,,,,,,,,,206.353418,0.0,0.0,0.0,1.0,0.0,0.0,0.0,,,,,2026-09-29 11:30:51.354388+00:00,attack,run13,1
test-pod-apt-run13,default,2026-09-29T11:30:56.441232+00:00,Write below root,7,2,4,4,3.0,0.0,1.0,0.0,0.0,1.0,,,,,,,,,,,,,,,,,,,,,,,,,,211.440122,0.0,0.0,0.0,1.0,0.0,0.0,1.0,,,,,2026-09-29 11:30:56.441232+00:00,attack,run13,1
test-pod-run13,default,2026-09-29T11:31:02.658540+00:00,Drop and execute new binary in container,1,1,1,4,4.0,0.0,1.0,0.0,0.0,0.0,,,,,,,,,,,,,,,,,,,,,,,,,,222.648858,0.0,0.0,0.0,0.0,0.0,0.0,0.0,,,,,2026-09-29 11:31:02.658540+00:00,attack,run13,1
test-pod-run13,default,2026-09-29T11:35:41.797186+00:00,Read sensitive file untrusted,1,0,1,2,2.0,0.0,0.0,1.0,0.0,0.0,,,,,,,,,,,,,,,,,,,,,,,,,,501.79624,0.0,0.0,0.0,0.0,0.0,0.0,0.0,,,,,2026-09-29 11:35:41.797186+00:00,attack,run13,1
test-pod-apt-run13,default,2026-09-29T11:35:42.954395+00:00,Drop and execute new binary in container,1,1,1,4,4.0,0.0,1.0,0.0,0.0,0.0,,,,,,,,,,,,,,,,,,,,,,,,,,497.941996,0.0,0.0,0.0,0.0,0.0,0.0,0.0,,,,,2026-09-29 11:35:42.954395+00:00,attack,run13,1
test-pod-apt-run13,default,2026-09-29T11:35:42.965553+00:00,Contact K8S API Server From Container,2,1,2,4,2.5,0.0,1.0,0.0,0.0,1.0,,,,,,,,,,,,,,,,,,,,,,,,,,497.963975,0.0,0.0,0.0,0.0,0.0,0.0,0.0,,,,,2026-09-29 11:35:42.965553+00:00,attack,run13,1
test-pod-run13,default,2026-09-29T11:35:51.167388+00:00,Drop and execute new binary in container,2,1,2,4,3.0,0.0,1.0,1.0,0.0,0.0,,,,,,,,,,,,,,,,,,,,,,,,,,511.166619,0.0,0.0,0.0,0.0,0.0,0.0,0.0,,,,,2026-09-29 11:35:51.167388+00:00,attack,run13,1
test-pod-apt-run13,default,2026-09-29T11:36:24.304789+00:00,Potential Local Privilege Escalation via Environment Variables Misuse,3,1,3,4,2.0,0.0,1.0,0.0,0.0,1.0,,,,,,,,,,,,,,,,,,,,,,,,,,539.303846,0.0,1.0,0.0,0.0,0.0,0.0,0.0,,,,,2026-09-29 11:36:24.304789+00:00,attack,run13,1
test-pod-apt-run13,default,2026-09-29T11:36:25.480171+00:00,Delete or rename shell history,4,1,4,4,2.0,0.0,1.0,0.0,0.0,1.0,,,,,,,,,,,,,,,,,,,,,,,,,,540.479358,1.0,1.0,0.0,0.0,0.0,0.0,0.0,,,,,2026-09-29 11:36:25.480171+00:00,attack,run13,1
test-pod-run13,default,2026-09-29T11:36:59.613833+00:00,Read sensitive file untrusted,3,1,2,4,2.6666666666666665,0.0,1.0,1.0,0.0,0.0,,,,,,,,,,,,,,,,,,,,,,,,,,579.612399,0.0,0.0,0.0,0.0,0.0,0.0,0.0,,,,,2026-09-29 11:36:59.613833+00:00,attack,run13,1
test-pod-apt-run13,default,2026-09-29T11:37:02.716542+00:00,Delete or rename shell history,5,1,4,4,2.0,0.0,1.0,0.0,0.0,1.0,,,,,,,,,,,,,,,,,,,,,,,,,,577.712126,1.0,1.0,0.0,0.0,0.0,0.0,0.0,,,,,2026-09-29 11:37:02.716542+00:00,attack,run13,1
test-pod-apt-run13,default,2026-09-29T11:37:03.820158+00:00,Write below root,6,1,5,4,2.1666666666666665,0.0,1.0,0.0,0.0,1.0,,,,,,,,,,,,,,,,,,,,,,,,,,578.818624,1.0,1.0,0.0,0.0,0.0,0.0,1.0,,,,,2026-09-29 11:37:03.820158+00:00,attack,run13,1
test-pod-run13,default,2026-09-29T11:38:35.987160+00:00,Write below root,2,0,2,3,2.5,0.0,0.0,1.0,0.0,0.0,,,,,,,,,,,,,,,,,,,,,,,,,,675.9861,0.0,0.0,0.0,0.0,0.0,0.0,1.0,,,,,2026-09-29 11:38:35.987160+00:00,attack,run13,1
test-pod-run13,default,2026-09-29T11:38:48.291924+00:00,Set Setuid or Setgid bit,3,0,3,3,2.0,0.0,0.0,1.0,1.0,0.0,,,,,,,,,,,,,,,,,,,,,,,,,,688.290492,0.0,0.0,0.0,0.0,0.0,0.0,1.0,,,,,2026-09-29 11:38:48.291924+00:00,attack,run13,1
test-pod-apt-run13,default,2026-09-29T11:38:49.386612+00:00,Potential Local Privilege Escalation via Environment Variables Misuse,3,0,3,3,2.0,0.0,0.0,0.0,0.0,0.0,,,,,,,,,,,,,,,,,,,,,,,,,,684.379513,1.0,1.0,0.0,0.0,0.0,0.0,1.0,,,,,2026-09-29 11:38:49.386612+00:00,attack,run13,1
test-pod-apt-run13,default,2026-09-29T11:38:50.530274+00:00,Delete or rename shell history,4,0,3,3,2.0,0.0,0.0,0.0,0.0,0.0,,,,,,,,,,,,,,,,,,,,,,,,,,685.528219,1.0,1.0,0.0,0.0,0.0,0.0,1.0,,,,,2026-09-29 11:38:50.530274+00:00,attack,run13,1
test-pod-run13,default,2026-09-29T11:39:29.748367+00:00,Write below root,3,0,2,3,2.3333333333333335,0.0,0.0,0.0,1.0,0.0,,,,,,,,,,,,,,,,,,,,,,,,,,729.747671,0.0,0.0,0.0,0.0,0.0,0.0,1.0,,,,,2026-09-29 11:39:29.748367+00:00,attack,run13,1
test-pod-run13,default,2026-09-29T11:39:30.857705+00:00,Read sensitive file untrusted,4,0,3,3,2.25,0.0,0.0,1.0,1.0,0.0,,,,,,,,,,,,,,,,,,,,,,,,,,730.856409,0.0,0.0,0.0,0.0,0.0,0.0,1.0,,,,,2026-09-29 11:39:30.857705+00:00,attack,run13,1
test-pod-apt-run13,default,2026-09-29T11:39:33.946856+00:00,Drop and execute new binary in container,3,1,3,4,2.3333333333333335,0.0,1.0,0.0,0.0,0.0,,,,,,,,,,,,,,,,,,,,,,,,,,728.943146,1.0,1.0,0.0,0.0,0.0,0.0,0.0,,,,,2026-09-29 11:39:33.946856+00:00,attack,run13,1
test-pod-apt-run13,default,2026-09-29T11:39:33.972114+00:00,Contact K8S API Server From Container,4,1,4,4,2.0,0.0,1.0,0.0,0.0,1.0,,,,,,,,,,,,,,,,,,,,,,,,,,728.970469,1.0,1.0,0.0,0.0,0.0,0.0,0.0,,,,,2026-09-29 11:39:33.972114+00:00,attack,run13,1
test-pod-apt-run13,default,2026-09-29T11:39:38.135817+00:00,Launch Package Management Process in Container,5,1,5,4,2.2,0.0,1.0,0.0,0.0,1.0,,,,,,,,,,,,,,,,,,,,,,,,,,733.134079,1.0,1.0,0.0,1.0,0.0,0.0,0.0,,,,,2026-09-29 11:39:38.135817+00:00,attack,run13,1
test-pod-run13,default,2026-09-29T11:39:43.246318+00:00,Drop and execute new binary in container,5,1,4,4,2.6,0.0,1.0,1.0,1.0,0.0,,,,,,,,,,,,,,,,,,,,,,,,,,743.24167,0.0,0.0,0.0,0.0,0.0,0.0,1.0,,,,,2026-09-29 11:39:43.246318+00:00,attack,run13,1
test-pod-apt-run13,default,2026-09-29T11:42:01.460110+00:00,Drop and execute new binary in container,1,1,1,4,4.0,0.0,1.0,0.0,0.0,0.0,,,,,,,,,,,,,,,,,,,,,,,,,,876.459175,0.0,0.0,0.0,0.0,0.0,0.0,0.0,,,,,2026-09-29 11:42:01.460110+00:00,benign,run13,0
test-pod-run13,default,2026-09-29T11:42:52.766846+00:00,Read sensitive file untrusted,1,0,1,2,2.0,0.0,0.0,1.0,0.0,0.0,,,,,,,,,,,,,,,,,,,,,,,,,,932.765984,0.0,0.0,0.0,0.0,0.0,0.0,0.0,,,,,2026-09-29 11:42:52.766846+00:00,attack,run13,1
test-pod-apt-run13,default,2026-09-29T11:42:58.875205+00:00,Delete or rename shell history,2,1,2,4,3.0,0.0,1.0,0.0,0.0,0.0,,,,,,,,,,,,,,,,,,,,,,,,,,933.874308,1.0,0.0,0.0,0.0,0.0,0.0,0.0,,,,,2026-09-29 11:42:58.875205+00:00,attack,run13,1
test-pod-apt-run13,default,2026-09-29T11:42:59.973111+00:00,Launch Package Management Process in Container,3,1,3,4,3.0,0.0,1.0,0.0,0.0,0.0,,,,,,,,,,,,,,,,,,,,,,,,,,934.970807,1.0,0.0,0.0,1.0,0.0,0.0,0.0,,,,,2026-09-29 11:42:59.973111+00:00,attack,run13,1
test-pod-run13,default,2026-09-29T11:43:09.696992+00:00,Set Setuid or Setgid bit,2,0,2,2,1.5,0.0,0.0,1.0,1.0,0.0,,,,,,,,,,,,,,,,,,,,,,,,,,949.696231,0.0,0.0,0.0,0.0,0.0,0.0,0.0,,,,,2026-09-29 11:43:09.696992+00:00,attack,run13,1
test-pod-run13,default,2026-09-29T11:43:14.865884+00:00,Drop and execute new binary in container,3,1,3,4,2.3333333333333335,0.0,1.0,1.0,1.0,0.0,,,,,,,,,,,,,,,,,,,,,,,,,,954.86342,0.0,0.0,0.0,0.0,0.0,0.0,0.0,,,,,2026-09-29 11:43:14.865884+00:00,attack,run13,1
test-pod-apt-run13,default,2026-09-29T11:43:21.104019+00:00,Potential Local Privilege Escalation via Environment Variables Misuse,4,1,4,4,2.5,0.0,1.0,0.0,0.0,0.0,,,,,,,,,,,,,,,,,,,,,,,,,,956.10293,1.0,1.0,0.0,1.0,0.0,0.0,0.0,,,,,2026-09-29 11:43:21.104019+00:00,attack,run13,1
test-pod-apt-run13,default,2026-09-29T11:44:54.327501+00:00,Launch Package Management Process in Container,4,0,3,3,2.25,0.0,0.0,0.0,0.0,0.0,,,,,,,,,,,,,,,,,,,,,,,,,,1049.32677,1.0,1.0,0.0,1.0,0.0,0.0,0.0,,,,,2026-09-29 11:44:54.327501+00:00,attack,run13,1
test-pod-run13,default,2026-09-29T11:44:59.526464+00:00,Write below root,3,1,3,4,2.6666666666666665,0.0,1.0,0.0,1.0,0.0,,,,,,,,,,,,,,,,,,,,,,,,,,1059.524762,0.0,0.0,0.0,0.0,0.0,0.0,1.0,,,,,2026-09-29 11:44:59.526464+00:00,attack,run13,1
test-pod-apt-run13,default,2026-09-29T11:45:05.626889+00:00,Write below root,3,0,3,3,2.3333333333333335,0.0,0.0,0.0,0.0,0.0,,,,,,,,,,,,,,,,,,,,,,,,,,1060.622054,0.0,1.0,0.0,1.0,0.0,0.0,1.0,,,,,2026-09-29 11:45:05.626889+00:00,attack,run13,1
test-pod-run13,default,2026-09-29T11:45:12.829958+00:00,Read sensitive file untrusted,3,1,3,4,3.0,0.0,1.0,1.0,0.0,0.0,,,,,,,,,,,,,,,,,,,,,,,,,,1072.824096,0.0,0.0,0.0,0.0,0.0,0.0,1.0,,,,,2026-09-29 11:45:12.829958+00:00,attack,run13,1
test-pod-apt-run13,default,2026-09-29T11:48:26.224883+00:00,Potential Local Privilege Escalation via Environment Variables Misuse,1,0,1,1,1.0,0.0,0.0,0.0,0.0,0.0,,,,,,,,,,,,,,,,,,,,,,,,,,1261.223412,0.0,1.0,0.0,0.0,0.0,0.0,0.0,,,,,2026-09-29 11:48:26.224883+00:00,attack,run13,1
test-pod-run13,default,2026-09-29T11:48:28.312382+00:00,Read sensitive file untrusted,1,0,1,2,2.0,0.0,0.0,1.0,0.0,0.0,,,,,,,,,,,,,,,,,,,,,,,,,,1268.310938,0.0,0.0,0.0,0.0,0.0,0.0,0.0,,,,,2026-09-29 11:48:28.312382+00:00,attack,run13,1
test-pod-apt-run13,default,2026-09-29T11:48:32.512601+00:00,Launch Package Management Process in Container,2,0,2,3,2.0,0.0,0.0,0.0,0.0,0.0,,,,,,,,,,,,,,,,,,,,,,,,,,1267.511393,0.0,1.0,0.0,1.0,0.0,0.0,0.0,,,,,2026-09-29 11:48:32.512601+00:00,attack,run13,1
test-pod-run13,default,2026-09-29T11:48:35.150472+00:00,Drop and execute new binary in container,2,1,2,4,3.0,0.0,1.0,1.0,0.0,0.0,,,,,,,,,,,,,,,,,,,,,,,,,,1275.147192,0.0,0.0,0.0,0.0,0.0,0.0,0.0,,,,,2026-09-29 11:48:35.150472+00:00,attack,run13,1
test-pod-apt-run13,default,2026-09-29T11:48:46.341285+00:00,Delete or rename shell history,3,0,3,3,2.0,0.0,0.0,0.0,0.0,0.0,,,,,,,,,,,,,,,,,,,,,,,,,,1281.339926,1.0,1.0,0.0,1.0,0.0,0.0,0.0,,,,,2026-09-29 11:48:46.341285+00:00,attack,run13,1
test-pod-apt-run13,default,2026-09-29T11:48:50.431471+00:00,Write below root,4,0,4,3,2.25,0.0,0.0,0.0,0.0,0.0,,,,,,,,,,,,,,,,,,,,,,,,,,1285.430686,1.0,1.0,0.0,1.0,0.0,0.0,1.0,,,,,2026-09-29 11:48:50.431471+00:00,attack,run13,1
test-pod-apt-run14,default,2026-09-29T11:57:34.765136+00:00,Launch Package Management Process in Container,2,0,1,3,3.0,0.0,0.0,0.0,0.0,0.0,,,,,,,,,,,,,,,,,,,,,,,,,,190.764406,0.0,0.0,0.0,1.0,0.0,0.0,0.0,,,,,2026-09-29 11:57:34.765136+00:00,benign,run14,0
test-pod-apt-run14,default,2026-09-29T11:57:42.008220+00:00,Drop and execute new binary in container,3,1,2,4,3.3333333333333335,0.0,1.0,0.0,0.0,0.0,,,,,,,,,,,,,,,,,,,,,,,,,,198.004279,0.0,0.0,0.0,1.0,0.0,0.0,0.0,,,,,2026-09-29 11:57:42.008220+00:00,benign,run14,0
test-pod-apt-run14,default,2026-09-29T11:57:43.214154+00:00,Potential Local Privilege Escalation via Environment Variables Misuse,4,1,3,4,2.75,0.0,1.0,0.0,0.0,0.0,,,,,,,,,,,,,,,,,,,,,,,,,,199.211499,0.0,1.0,0.0,1.0,0.0,0.0,0.0,,,,,2026-09-29 11:57:43.214154+00:00,benign,run14,0
test-pod-apt-run14,default,2026-09-29T11:57:48.320206+00:00,Write below root,5,1,4,4,2.8,0.0,1.0,0.0,0.0,0.0,,,,,,,,,,,,,,,,,,,,,,,,,,204.318108,0.0,1.0,0.0,1.0,0.0,0.0,1.0,,,,,2026-09-29 11:57:48.320206+00:00,attack,run14,1
test-pod-apt-run14,default,2026-09-29T11:57:52.549482+00:00,Delete or rename shell history,6,1,5,4,2.6666666666666665,0.0,1.0,0.0,0.0,0.0,,,,,,,,,,,,,,,,,,,,,,,,,,208.547199,1.0,1.0,0.0,1.0,0.0,0.0,1.0,,,,,2026-09-29 11:57:52.549482+00:00,attack,run14,1
test-pod-run14,default,2026-09-29T11:57:56.653448+00:00,Set Setuid or Setgid bit,1,0,1,1,1.0,0.0,0.0,0.0,1.0,0.0,,,,,,,,,,,,,,,,,,,,,,,,,,217.652132,0.0,0.0,0.0,0.0,0.0,0.0,0.0,,,,,2026-09-29 11:57:56.653448+00:00,attack,run14,1
test-pod-apt-run14,default,2026-09-29T11:58:46.760801+00:00,Drop and execute new binary in container,7,2,5,4,2.857142857142857,0.0,1.0,0.0,0.0,0.0,,,,,,,,,,,,,,,,,,,,,,,,,,262.756897,1.0,1.0,0.0,1.0,0.0,0.0,1.0,,,,,2026-09-29 11:58:46.760801+00:00,attack,run14,1
test-pod-apt-run14,default,2026-09-29T11:58:46.787942+00:00,Contact K8S API Server From Container,8,2,6,4,2.625,0.0,1.0,0.0,0.0,1.0,,,,,,,,,,,,,,,,,,,,,,,,,,262.78688,1.0,1.0,0.0,1.0,0.0,0.0,1.0,,,,,2026-09-29 11:58:46.787942+00:00,attack,run14,1
test-pod-run14,default,2026-09-29T11:58:48.918447+00:00,Read sensitive file untrusted,2,0,2,2,1.5,0.0,0.0,1.0,1.0,0.0,,,,,,,,,,,,,,,,,,,,,,,,,,269.917602,0.0,0.0,0.0,0.0,0.0,0.0,0.0,,,,,2026-09-29 11:58:48.918447+00:00,attack,run14,1
test-pod-apt-run14,default,2026-09-29T11:58:54.012426+00:00,Delete or rename shell history,9,2,6,4,2.5555555555555554,0.0,1.0,0.0,0.0,1.0,,,,,,,,,,,,,,,,,,,,,,,,,,270.010153,1.0,1.0,0.0,1.0,0.0,0.0,1.0,,,,,2026-09-29 11:58:54.012426+00:00,attack,run14,1
test-pod-run14,default,2026-09-29T11:58:56.119120+00:00,Write below root,3,0,3,3,2.0,0.0,0.0,1.0,1.0,0.0,,,,,,,,,,,,,,,,,,,,,,,,,,277.118246,0.0,0.0,0.0,0.0,0.0,0.0,1.0,,,,,2026-09-29 11:58:56.119120+00:00,attack,run14,1
test-pod-apt-run14,default,2026-09-29T11:59:54.237470+00:00,Launch Package Management Process in Container,4,1,4,4,2.5,0.0,1.0,0.0,0.0,1.0,,,,,,,,,,,,,,,,,,,,,,,,,,330.229326,1.0,0.0,0.0,1.0,0.0,0.0,0.0,,,,,2026-09-29 11:59:54.237470+00:00,attack,run14,1
test-pod-run14,default,2026-09-29T11:59:58.366129+00:00,Drop and execute new binary in container,3,1,3,4,3.0,0.0,1.0,1.0,0.0,0.0,,,,,,,,,,,,,,,,,,,,,,,,,,339.36415,0.0,0.0,0.0,0.0,0.0,0.0,1.0,,,,,2026-09-29 11:59:58.366129+00:00,attack,run14,1
test-pod-run14,default,2026-09-29T12:00:01.466641+00:00,Set Setuid or Setgid bit,4,1,4,4,2.5,0.0,1.0,1.0,1.0,0.0,,,,,,,,,,,,,,,,,,,,,,,,,,342.46201,0.0,0.0,0.0,0.0,0.0,0.0,1.0,,,,,2026-09-29 12:00:01.466641+00:00,attack,run14,1
test-pod-run14,default,2026-09-29T12:00:05.596238+00:00,Write below root,5,1,4,4,2.6,0.0,1.0,1.0,1.0,0.0,,,,,,,,,,,,,,,,,,,,,,,,,,346.595271,0.0,0.0,0.0,0.0,0.0,0.0,1.0,,,,,2026-09-29 12:00:05.596238+00:00,attack,run14,1
test-pod-apt-run14,default,2026-09-29T12:00:13.800695+00:00,Potential Local Privilege Escalation via Environment Variables Misuse,5,1,5,4,2.2,0.0,1.0,0.0,0.0,1.0,,,,,,,,,,,,,,,,,,,,,,,,,,349.799856,1.0,1.0,0.0,1.0,0.0,0.0,0.0,,,,,2026-09-29 12:00:13.800695+00:00,attack,run14,1
test-pod-run14,default,2026-09-29T12:00:56.921625+00:00,Write below root,4,1,3,4,2.75,0.0,1.0,0.0,1.0,0.0,,,,,,,,,,,,,,,,,,,,,,,,,,397.920873,0.0,0.0,0.0,0.0,0.0,0.0,1.0,,,,,2026-09-29 12:00:56.921625+00:00,attack,run14,1
test-pod-apt-run14,default,2026-09-29T12:01:37.127184+00:00,Drop and execute new binary in container,3,1,3,4,2.6666666666666665,0.0,1.0,0.0,0.0,0.0,,,,,,,,,,,,,,,,,,,,,,,,,,433.125468,0.0,1.0,0.0,1.0,0.0,0.0,0.0,,,,,2026-09-29 12:01:37.127184+00:00,attack,run14,1
test-pod-apt-run14,default,2026-09-29T12:01:37.183740+00:00,Contact K8S API Server From Container,4,1,4,4,2.25,0.0,1.0,0.0,0.0,1.0,,,,,,,,,,,,,,,,,,,,,,,,,,433.176342,0.0,1.0,0.0,1.0,0.0,0.0,0.0,,,,,2026-09-29 12:01:37.183740+00:00,attack,run14,1
test-pod-run14,default,2026-09-29T12:02:26.661591+00:00,Drop and execute new binary in container,2,1,2,4,3.5,0.0,1.0,0.0,0.0,0.0,,,,,,,,,,,,,,,,,,,,,,,,,,487.660249,0.0,0.0,0.0,0.0,0.0,0.0,1.0,,,,,2026-09-29 12:02:26.661591+00:00,attack,run14,1
test-pod-apt-run14,default,2026-09-29T12:02:28.786664+00:00,Write below root,3,1,3,4,2.6666666666666665,0.0,1.0,0.0,0.0,1.0,,,,,,,,,,,,,,,,,,,,,,,,,,484.784239,0.0,0.0,0.0,0.0,0.0,0.0,1.0,,,,,2026-09-29 12:02:28.786664+00:00,attack,run14,1
test-pod-run14,default,2026-09-29T12:02:29.921471+00:00,Read sensitive file untrusted,3,1,3,4,3.0,0.0,1.0,1.0,0.0,0.0,,,,,,,,,,,,,,,,,,,,,,,,,,490.920418,0.0,0.0,0.0,0.0,0.0,0.0,1.0,,,,,2026-09-29 12:02:29.921471+00:00,attack,run14,1
test-pod-apt-run14,default,2026-09-29T12:02:32.036544+00:00,Delete or rename shell history,4,1,4,4,2.5,0.0,1.0,0.0,0.0,1.0,,,,,,,,,,,,,,,,,,,,,,,,,,488.027379,1.0,0.0,0.0,0.0,0.0,0.0,1.0,,,,,2026-09-29 12:02:32.036544+00:00,attack,run14,1
test-pod-apt-run14,default,2026-09-29T12:03:56.313205+00:00,Drop and execute new binary in container,3,1,3,4,3.0,0.0,1.0,0.0,0.0,0.0,,,,,,,,,,,,,,,,,,,,,,,,,,572.312206,1.0,0.0,0.0,0.0,0.0,0.0,1.0,,,,,2026-09-29 12:03:56.313205+00:00,benign,run14,0
test-pod-apt-run14,default,2026-09-29T12:05:02.585079+00:00,Delete or rename shell history,2,1,2,4,3.0,0.0,1.0,0.0,0.0,0.0,,,,,,,,,,,,,,,,,,,,,,,,,,638.58413,1.0,0.0,0.0,0.0,0.0,0.0,0.0,,,,,2026-09-29 12:05:02.585079+00:00,attack,run14,1
test-pod-apt-run14,default,2026-09-29T12:05:06.679994+00:00,Drop and execute new binary in container,3,2,2,4,3.3333333333333335,0.0,1.0,0.0,0.0,0.0,,,,,,,,,,,,,,,,,,,,,,,,,,642.678529,1.0,0.0,0.0,0.0,0.0,0.0,0.0,,,,,2026-09-29 12:05:06.679994+00:00,attack,run14,1
test-pod-apt-run14,default,2026-09-29T12:05:06.717939+00:00,Contact K8S API Server From Container,4,2,3,4,2.75,0.0,1.0,0.0,0.0,1.0,,,,,,,,,,,,,,,,,,,,,,,,,,642.710614,1.0,0.0,0.0,0.0,0.0,0.0,0.0,,,,,2026-09-29 12:05:06.717939+00:00,attack,run14,1
test-pod-apt-run14,default,2026-09-29T12:05:12.955054+00:00,Potential Local Privilege Escalation via Environment Variables Misuse,5,2,4,4,2.4,0.0,1.0,0.0,0.0,1.0,,,,,,,,,,,,,,,,,,,,,,,,,,648.950383,1.0,1.0,0.0,0.0,0.0,0.0,0.0,,,,,2026-09-29 12:05:12.955054+00:00,attack,run14,1
test-pod-apt-run14,default,2026-09-29T12:08:28.152469+00:00,Delete or rename shell history,1,0,1,2,2.0,0.0,0.0,0.0,0.0,0.0,,,,,,,,,,,,,,,,,,,,,,,,,,844.150913,1.0,0.0,0.0,0.0,0.0,0.0,0.0,,,,,2026-09-29 12:08:28.152469+00:00,attack,run14,1
test-pod-run14,default,2026-09-29T12:08:31.332655+00:00,Drop and execute new binary in container,1,1,1,4,4.0,0.0,1.0,0.0,0.0,0.0,,,,,,,,,,,,,,,,,,,,,,,,,,852.329947,0.0,0.0,0.0,0.0,0.0,0.0,0.0,,,,,2026-09-29 12:08:31.332655+00:00,attack,run14,1
test-pod-run14,default,2026-09-29T12:08:37.448225+00:00,Read sensitive file untrusted,2,1,2,4,3.0,0.0,1.0,1.0,0.0,0.0,,,,,,,,,,,,,,,,,,,,,,,,,,858.445805,0.0,0.0,0.0,0.0,0.0,0.0,0.0,,,,,2026-09-29 12:08:37.448225+00:00,attack,run14,1
test-pod-apt-run14,default,2026-09-29T12:08:40.570596+00:00,Launch Package Management Process in Container,2,0,2,3,2.5,0.0,0.0,0.0,0.0,0.0,,,,,,,,,,,,,,,,,,,,,,,,,,856.56264,1.0,0.0,0.0,1.0,0.0,0.0,0.0,,,,,2026-09-29 12:08:40.570596+00:00,attack,run14,1
test-pod-apt-run14,default,2026-09-29T12:08:46.782253+00:00,Potential Local Privilege Escalation via Environment Variables Misuse,3,0,3,3,2.0,0.0,0.0,0.0,0.0,0.0,,,,,,,,,,,,,,,,,,,,,,,,,,862.780367,1.0,1.0,0.0,1.0,0.0,0.0,0.0,,,,,2026-09-29 12:08:46.782253+00:00,attack,run14,1
test-pod-run14,default,2026-09-29T12:10:02.908163+00:00,Write below root,3,1,3,4,3.0,0.0,1.0,1.0,0.0,0.0,,,,,,,,,,,,,,,,,,,,,,,,,,943.907248,0.0,0.0,0.0,0.0,0.0,0.0,1.0,,,,,2026-09-29 12:10:02.908163+00:00,attack,run14,1
test-pod-apt-run14,default,2026-09-29T12:10:04.015468+00:00,Delete or rename shell history,4,0,3,3,2.0,0.0,0.0,0.0,0.0,0.0,,,,,,,,,,,,,,,,,,,,,,,,,,940.014023,1.0,1.0,0.0,1.0,0.0,0.0,0.0,,,,,2026-09-29 12:10:04.015468+00:00,attack,run14,1
test-pod-run14,default,2026-09-29T12:11:04.137333+00:00,Set Setuid or Setgid bit,2,0,2,3,2.0,0.0,0.0,0.0,1.0,0.0,,,,,,,,,,,,,,,,,,,,,,,,,,1005.135159,0.0,0.0,0.0,0.0,0.0,0.0,1.0,,,,,2026-09-29 12:11:04.137333+00:00,attack,run14,1
test-pod-apt-run14,default,2026-09-29T12:11:10.475921+00:00,Drop and execute new binary in container,2,1,2,4,3.0,0.0,1.0,0.0,0.0,0.0,,,,,,,,,,,,,,,,,,,,,,,,,,1006.469193,1.0,0.0,0.0,0.0,0.0,0.0,0.0,,,,,2026-09-29 12:11:10.475921+00:00,attack,run14,1
test-pod-apt-run14,default,2026-09-29T12:11:10.503031+00:00,Contact K8S API Server From Container,3,1,3,4,2.3333333333333335,0.0,1.0,0.0,0.0,1.0,,,,,,,,,,,,,,,,,,,,,,,,,,1006.501623,1.0,0.0,0.0,0.0,0.0,0.0,0.0,,,,,2026-09-29 12:11:10.503031+00:00,attack,run14,1
test-pod-apt-run14,default,2026-09-29T12:11:12.621281+00:00,Write below root,4,1,4,4,2.5,0.0,1.0,0.0,0.0,1.0,,,,,,,,,,,,,,,,,,,,,,,,,,1008.62016,1.0,0.0,0.0,0.0,0.0,0.0,1.0,,,,,2026-09-29 12:11:12.621281+00:00,attack,run14,1
test-pod-apt-run14,default,2026-09-29T12:11:15.740522+00:00,Launch Package Management Process in Container,5,1,5,4,2.6,0.0,1.0,0.0,0.0,1.0,,,,,,,,,,,,,,,,,,,,,,,,,,1011.739793,1.0,0.0,0.0,1.0,0.0,0.0,1.0,,,,,2026-09-29 12:11:15.740522+00:00,attack,run14,1
test-pod-run14,default,2026-09-29T12:14:41.494934+00:00,Drop and execute new binary in container,1,1,1,4,4.0,0.0,1.0,0.0,0.0,0.0,,,,,,,,,,,,,,,,,,,,,,,,,,1222.493905,0.0,0.0,0.0,0.0,0.0,0.0,0.0,,,,,2026-09-29 12:14:41.494934+00:00,attack,run14,1
test-pod-run14,default,2026-09-29T12:14:44.640380+00:00,Read sensitive file untrusted,2,1,2,4,3.0,0.0,1.0,1.0,0.0,0.0,,,,,,,,,,,,,,,,,,,,,,,,,,1225.63837,0.0,0.0,0.0,0.0,0.0,0.0,0.0,,,,,2026-09-29 12:14:44.640380+00:00,attack,run14,1
test-pod-run14,default,2026-09-29T12:14:46.893054+00:00,Set Setuid or Setgid bit,3,1,3,4,2.3333333333333335,0.0,1.0,1.0,1.0,0.0,,,,,,,,,,,,,,,,,,,,,,,,,,1227.892115,0.0,0.0,0.0,0.0,0.0,0.0,0.0,,,,,2026-09-29 12:14:46.893054+00:00,attack,run14,1
test-pod-apt-run15,default,2026-09-29T12:26:01.576314+00:00,Launch Package Management Process in Container,2,0,1,3,3.0,0.0,0.0,0.0,0.0,0.0,,,,,,,,,,,,,,,,,,,,,,,,,,193.575134,0.0,0.0,0.0,1.0,0.0,0.0,0.0,,,,,2026-09-29 12:26:01.576314+00:00,benign,run15,0
test-pod-apt-run15,default,2026-09-29T12:26:09.498555+00:00,Drop and execute new binary in container,3,1,2,4,3.3333333333333335,0.0,1.0,0.0,0.0,0.0,,,,,,,,,,,,,,,,,,,,,,,,,,201.497034,0.0,0.0,0.0,1.0,0.0,0.0,0.0,,,,,2026-09-29 12:26:09.498555+00:00,benign,run15,0
test-pod-run15,default,2026-09-29T12:26:10.977552+00:00,Drop and execute new binary in container,1,1,1,4,4.0,0.0,1.0,0.0,0.0,0.0,,,,,,,,,,,,,,,,,,,,,,,,,,207.975936,0.0,0.0,0.0,0.0,0.0,0.0,0.0,,,,,2026-09-29 12:26:10.977552+00:00,attack,run15,1
test-pod-apt-run15,default,2026-09-29T12:26:50.101913+00:00,Drop and execute new binary in container,4,2,2,4,3.5,0.0,1.0,0.0,0.0,0.0,,,,,,,,,,,,,,,,,,,,,,,,,,242.100409,0.0,0.0,0.0,1.0,0.0,0.0,0.0,,,,,2026-09-29 12:26:50.101913+00:00,benign,run15,0
test-pod-apt-run15,default,2026-09-29T12:28:06.641841+00:00,Drop and execute new binary in container,3,3,1,4,4.0,0.0,1.0,0.0,0.0,0.0,,,,,,,,,,,,,,,,,,,,,,,,,,318.640931,0.0,0.0,0.0,0.0,0.0,0.0,0.0,,,,,2026-09-29 12:28:06.641841+00:00,benign,run15,0
test-pod-run15,default,2026-09-29T12:29:16.889944+00:00,Read sensitive file untrusted,1,0,1,2,2.0,0.0,0.0,1.0,0.0,0.0,,,,,,,,,,,,,,,,,,,,,,,,,,393.888614,0.0,0.0,0.0,0.0,0.0,0.0,0.0,,,,,2026-09-29 12:29:16.889944+00:00,attack,run15,1
test-pod-run15,default,2026-09-29T12:29:21.003062+00:00,Drop and execute new binary in container,2,1,2,4,3.0,0.0,1.0,1.0,0.0,0.0,,,,,,,,,,,,,,,,,,,,,,,,,,398.001327,0.0,0.0,0.0,0.0,0.0,0.0,0.0,,,,,2026-09-29 12:29:21.003062+00:00,attack,run15,1
test-pod-apt-run15,default,2026-09-29T12:29:23.200380+00:00,Delete or rename shell history,2,1,2,4,3.0,0.0,1.0,0.0,0.0,0.0,,,,,,,,,,,,,,,,,,,,,,,,,,395.199242,1.0,0.0,0.0,0.0,0.0,0.0,0.0,,,,,2026-09-29 12:29:23.200380+00:00,attack,run15,1
test-pod-apt-run15,default,2026-09-29T12:29:28.362335+00:00,Drop and execute new binary in container,3,2,2,4,3.3333333333333335,0.0,1.0,0.0,0.0,0.0,,,,,,,,,,,,,,,,,,,,,,,,,,400.360292,1.0,0.0,0.0,0.0,0.0,0.0,0.0,,,,,2026-09-29 12:29:28.362335+00:00,attack,run15,1
test-pod-apt-run15,default,2026-09-29T12:29:28.369440+00:00,Contact K8S API Server From Container,4,2,3,4,2.75,0.0,1.0,0.0,0.0,1.0,,,,,,,,,,,,,,,,,,,,,,,,,,400.368392,1.0,0.0,0.0,0.0,0.0,0.0,0.0,,,,,2026-09-29 12:29:28.369440+00:00,attack,run15,1
test-pod-apt-run15,default,2026-09-29T12:29:31.614174+00:00,Write below root,5,2,4,4,2.8,0.0,1.0,0.0,0.0,1.0,,,,,,,,,,,,,,,,,,,,,,,,,,403.60947,1.0,0.0,0.0,0.0,0.0,0.0,1.0,,,,,2026-09-29 12:29:31.614174+00:00,attack,run15,1
test-pod-apt-run15,default,2026-09-29T12:31:10.885920+00:00,Drop and execute new binary in container,5,2,4,4,2.8,0.0,1.0,0.0,0.0,1.0,,,,,,,,,,,,,,,,,,,,,,,,,,502.885088,1.0,0.0,0.0,0.0,0.0,0.0,1.0,,,,,2026-09-29 12:31:10.885920+00:00,benign,run15,0
test-pod-apt-run15,default,2026-09-29T12:32:03.349280+00:00,Launch Package Management Process in Container,2,1,2,4,3.5,0.0,1.0,0.0,0.0,0.0,,,,,,,,,,,,,,,,,,,,,,,,,,555.345623,0.0,0.0,0.0,1.0,0.0,0.0,0.0,,,,,2026-09-29 12:32:03.349280+00:00,attack,run15,1
test-pod-run15,default,2026-09-29T12:32:06.606210+00:00,Read sensitive file untrusted,1,0,1,2,2.0,0.0,0.0,1.0,0.0,0.0,,,,,,,,,,,,,,,,,,,,,,,,,,563.604983,0.0,0.0,0.0,0.0,0.0,0.0,0.0,,,,,2026-09-29 12:32:06.606210+00:00,attack,run15,1
test-pod-apt-run15,default,2026-09-29T12:32:08.739512+00:00,Drop and execute new binary in container,3,2,2,4,3.6666666666666665,0.0,1.0,0.0,0.0,0.0,,,,,,,,,,,,,,,,,,,,,,,,,,560.722987,0.0,0.0,0.0,1.0,0.0,0.0,0.0,,,,,2026-09-29 12:32:08.739512+00:00,attack,run15,1
test-pod-apt-run15,default,2026-09-29T12:32:08.753632+00:00,Contact K8S API Server From Container,4,2,3,4,3.0,0.0,1.0,0.0,0.0,1.0,,,,,,,,,,,,,,,,,,,,,,,,,,560.752395,0.0,0.0,0.0,1.0,0.0,0.0,0.0,,,,,2026-09-29 12:32:08.753632+00:00,attack,run15,1
test-pod-run15,default,2026-09-29T12:33:22.884324+00:00,Read sensitive file untrusted,2,0,1,2,2.0,0.0,0.0,1.0,0.0,0.0,,,,,,,,,,,,,,,,,,,,,,,,,,639.883014,0.0,0.0,0.0,0.0,0.0,0.0,0.0,,,,,2026-09-29 12:33:22.884324+00:00,attack,run15,1
test-pod-apt-run15,default,2026-09-29T12:33:25.001006+00:00,Launch Package Management Process in Container,4,1,3,4,2.75,0.0,1.0,0.0,0.0,1.0,,,,,,,,,,,,,,,,,,,,,,,,,,636.999994,0.0,0.0,0.0,1.0,0.0,0.0,0.0,,,,,2026-09-29 12:33:25.001006+00:00,attack,run15,1
test-pod-apt-run15,default,2026-09-29T12:33:31.473634+00:00,Potential Local Privilege Escalation via Environment Variables Misuse,5,1,4,4,2.4,0.0,1.0,0.0,0.0,1.0,,,,,,,,,,,,,,,,,,,,,,,,,,643.472508,0.0,1.0,0.0,1.0,0.0,0.0,0.0,,,,,2026-09-29 12:33:31.473634+00:00,attack,run15,1
test-pod-run15,default,2026-09-29T12:33:32.607976+00:00,Set Setuid or Setgid bit,3,0,2,2,1.6666666666666667,0.0,0.0,1.0,1.0,0.0,,,,,,,,,,,,,,,,,,,,,,,,,,649.599772,0.0,0.0,0.0,0.0,0.0,0.0,0.0,,,,,2026-09-29 12:33:32.607976+00:00,attack,run15,1
test-pod-apt-run15,default,2026-09-29T12:33:35.705751+00:00,Drop and execute new binary in container,6,2,4,4,2.6666666666666665,0.0,1.0,0.0,0.0,1.0,,,,,,,,,,,,,,,,,,,,,,,,,,647.701196,0.0,1.0,0.0,1.0,0.0,0.0,0.0,,,,,2026-09-29 12:33:35.705751+00:00,attack,run15,1
test-pod-apt-run15,default,2026-09-29T12:33:35.739808+00:00,Contact K8S API Server From Container,7,2,4,4,2.4285714285714284,0.0,1.0,0.0,0.0,1.0,,,,,,,,,,,,,,,,,,,,,,,,,,647.735496,0.0,1.0,0.0,1.0,0.0,0.0,0.0,,,,,2026-09-29 12:33:35.739808+00:00,attack,run15,1
test-pod-run15,default,2026-09-29T12:33:39.888857+00:00,Write below root,4,0,3,3,2.0,0.0,0.0,1.0,1.0,0.0,,,,,,,,,,,,,,,,,,,,,,,,,,656.886419,0.0,0.0,0.0,0.0,0.0,0.0,1.0,,,,,2026-09-29 12:33:39.888857+00:00,attack,run15,1
test-pod-apt-run15,default,2026-09-29T12:35:53.208610+00:00,Potential Local Privilege Escalation via Environment Variables Misuse,1,0,1,1,1.0,0.0,0.0,0.0,0.0,0.0,,,,,,,,,,,,,,,,,,,,,,,,,,785.207528,0.0,1.0,0.0,0.0,0.0,0.0,0.0,,,,,2026-09-29 12:35:53.208610+00:00,attack,run15,1
test-pod-run15,default,2026-09-29T12:35:58.454982+00:00,Drop and execute new binary in container,1,1,1,4,4.0,0.0,1.0,0.0,0.0,0.0,,,,,,,,,,,,,,,,,,,,,,,,,,795.453429,0.0,0.0,0.0,0.0,0.0,0.0,0.0,,,,,2026-09-29 12:35:58.454982+00:00,attack,run15,1
test-pod-apt-run15,default,2026-09-29T12:35:59.552817+00:00,Delete or rename shell history,2,0,2,2,1.5,0.0,0.0,0.0,0.0,0.0,,,,,,,,,,,,,,,,,,,,,,,,,,791.551753,1.0,1.0,0.0,0.0,0.0,0.0,0.0,,,,,2026-09-29 12:35:59.552817+00:00,attack,run15,1
test-pod-run15,default,2026-09-29T12:36:05.679864+00:00,Read sensitive file untrusted,2,1,2,4,3.0,0.0,1.0,1.0,0.0,0.0,,,,,,,,,,,,,,,,,,,,,,,,,,802.678631,0.0,0.0,0.0,0.0,0.0,0.0,0.0,,,,,2026-09-29 12:36:05.679864+00:00,attack,run15,1
test-pod-apt-run15,default,2026-09-29T12:36:09.812811+00:00,Launch Package Management Process in Container,3,0,3,3,2.0,0.0,0.0,0.0,0.0,0.0,,,,,,,,,,,,,,,,,,,,,,,,,,801.810259,1.0,1.0,0.0,1.0,0.0,0.0,0.0,,,,,2026-09-29 12:36:09.812811+00:00,attack,run15,1
test-pod-run15,default,2026-09-29T12:37:15.089875+00:00,Write below root,3,1,3,4,3.0,0.0,1.0,1.0,0.0,0.0,,,,,,,,,,,,,,,,,,,,,,,,,,872.0874,0.0,0.0,0.0,0.0,0.0,0.0,1.0,,,,,2026-09-29 12:37:15.089875+00:00,attack,run15,1
test-pod-apt-run15,default,2026-09-29T12:37:19.244223+00:00,Drop and execute new binary in container,4,1,4,4,2.5,0.0,1.0,0.0,0.0,0.0,,,,,,,,,,,,,,,,,,,,,,,,,,871.239221,1.0,1.0,0.0,1.0,0.0,0.0,0.0,,,,,2026-09-29 12:37:19.244223+00:00,attack,run15,1
test-pod-apt-run15,default,2026-09-29T12:37:19.258231+00:00,Contact K8S API Server From Container,5,1,5,4,2.2,0.0,1.0,0.0,0.0,1.0,,,,,,,,,,,,,,,,,,,,,,,,,,871.257345,1.0,1.0,0.0,1.0,0.0,0.0,0.0,,,,,2026-09-29 12:37:19.258231+00:00,attack,run15,1
test-pod-run15,default,2026-09-29T12:37:25.431941+00:00,Set Setuid or Setgid bit,4,1,4,4,2.5,0.0,1.0,1.0,1.0,0.0,,,,,,,,,,,,,,,,,,,,,,,,,,882.431062,0.0,0.0,0.0,0.0,0.0,0.0,1.0,,,,,2026-09-29 12:37:25.431941+00:00,attack,run15,1
test-pod-run15,default,2026-09-29T12:37:28.542973+00:00,Read sensitive file untrusted,5,1,4,4,2.4,0.0,1.0,1.0,1.0,0.0,,,,,,,,,,,,,,,,,,,,,,,,,,885.541611,0.0,0.0,0.0,0.0,0.0,0.0,1.0,,,,,2026-09-29 12:37:28.542973+00:00,attack,run15,1
test-pod-apt-run15,default,2026-09-29T12:37:32.700334+00:00,Write below root,6,1,6,4,2.3333333333333335,0.0,1.0,0.0,0.0,1.0,,,,,,,,,,,,,,,,,,,,,,,,,,884.698587,1.0,1.0,0.0,1.0,0.0,0.0,1.0,,,,,2026-09-29 12:37:32.700334+00:00,attack,run15,1
test-pod-apt-run15,default,2026-09-29T12:38:40.102033+00:00,Write below root,4,1,3,4,2.75,0.0,1.0,0.0,0.0,1.0,,,,,,,,,,,,,,,,,,,,,,,,,,952.099141,0.0,0.0,0.0,0.0,0.0,0.0,1.0,,,,,2026-09-29 12:38:40.102033+00:00,attack,run15,1
test-pod-run15,default,2026-09-29T12:38:46.268071+00:00,Read sensitive file untrusted,4,0,3,3,2.0,0.0,0.0,1.0,1.0,0.0,,,,,,,,,,,,,,,,,,,,,,,,,,963.267219,0.0,0.0,0.0,0.0,0.0,0.0,1.0,,,,,2026-09-29 12:38:46.268071+00:00,attack,run15,1
test-pod-run15,default,2026-09-29T12:38:56.476153+00:00,Set Setuid or Setgid bit,5,0,3,3,1.8,0.0,0.0,1.0,1.0,0.0,,,,,,,,,,,,,,,,,,,,,,,,,,973.475146,0.0,0.0,0.0,0.0,0.0,0.0,1.0,,,,,2026-09-29 12:38:56.476153+00:00,attack,run15,1
test-pod-run15,default,2026-09-29T12:40:38.592747+00:00,Set Setuid or Setgid bit,3,0,2,2,1.3333333333333333,0.0,0.0,1.0,1.0,0.0,,,,,,,,,,,,,,,,,,,,,,,,,,1075.591992,0.0,0.0,0.0,0.0,0.0,0.0,0.0,,,,,2026-09-29 12:40:38.592747+00:00,attack,run15,1
test-pod-apt-run15,default,2026-09-29T12:40:48.803157+00:00,Potential Local Privilege Escalation via Environment Variables Misuse,1,0,1,1,1.0,0.0,0.0,0.0,0.0,0.0,,,,,,,,,,,,,,,,,,,,,,,,,,1080.796213,0.0,1.0,0.0,0.0,0.0,0.0,0.0,,,,,2026-09-29 12:40:48.803157+00:00,attack,run15,1
test-pod-apt-run15,default,2026-09-29T12:42:42.278039+00:00,Drop and execute new binary in container,2,1,2,4,2.5,0.0,1.0,0.0,0.0,0.0,,,,,,,,,,,,,,,,,,,,,,,,,,1194.275719,0.0,1.0,0.0,0.0,0.0,0.0,0.0,,,,,2026-09-29 12:42:42.278039+00:00,benign,run15,0
test-pod-apt-run15,default,2026-09-29T12:43:46.687321+00:00,Write below root,2,1,2,4,3.5,0.0,1.0,0.0,0.0,0.0,,,,,,,,,,,,,,,,,,,,,,,,,,1258.686178,0.0,0.0,0.0,0.0,0.0,0.0,1.0,,,,,2026-09-29 12:43:46.687321+00:00,attack,run15,1
test-pod-apt-run15,default,2026-09-29T12:43:51.798862+00:00,Drop and execute new binary in container,3,2,2,4,3.6666666666666665,0.0,1.0,0.0,0.0,0.0,,,,,,,,,,,,,,,,,,,,,,,,,,1263.7979,0.0,0.0,0.0,0.0,0.0,0.0,1.0,,,,,2026-09-29 12:43:51.798862+00:00,attack,run15,1
test-pod-apt-run15,default,2026-09-29T12:43:51.817656+00:00,Contact K8S API Server From Container,4,2,3,4,3.0,0.0,1.0,0.0,0.0,1.0,,,,,,,,,,,,,,,,,,,,,,,,,,1263.8169,0.0,0.0,0.0,0.0,0.0,0.0,1.0,,,,,2026-09-29 12:43:51.817656+00:00,attack,run15,1
test-pod-run15,default,2026-09-29T12:43:52.917699+00:00,Read sensitive file untrusted,1,0,1,2,2.0,0.0,0.0,1.0,0.0,0.0,,,,,,,,,,,,,,,,,,,,,,,,,,1269.915769,0.0,0.0,0.0,0.0,0.0,0.0,0.0,,,,,2026-09-29 12:43:52.917699+00:00,attack,run15,1
test-pod-apt-run15,default,2026-09-29T12:45:04.033200+00:00,Drop and execute new binary in container,4,2,3,4,3.0,0.0,1.0,0.0,0.0,1.0,,,,,,,,,,,,,,,,,,,,,,,,,,1336.032105,0.0,0.0,0.0,0.0,0.0,0.0,1.0,,,,,2026-09-29 12:45:04.033200+00:00,benign,run15,0
test-pod-apt-run16,default,2026-09-29T12:58:36.900999+00:00,Launch Package Management Process in Container,2,0,1,3,3.0,0.0,0.0,0.0,0.0,0.0,,,,,,,,,,,,,,,,,,,,,,,,,,191.897228,0.0,0.0,0.0,1.0,0.0,0.0,0.0,,,,,2026-09-29 12:58:36.900999+00:00,benign,run16,0
test-pod-apt-run16,default,2026-09-29T12:58:54.940183+00:00,Drop and execute new binary in container,3,1,2,4,3.3333333333333335,0.0,1.0,0.0,0.0,0.0,,,,,,,,,,,,,,,,,,,,,,,,,,209.933702,0.0,0.0,0.0,1.0,0.0,0.0,0.0,,,,,2026-09-29 12:58:54.940183+00:00,benign,run16,0
test-pod-apt-run16,default,2026-09-29T12:58:56.205329+00:00,Delete or rename shell history,4,1,3,4,3.0,0.0,1.0,0.0,0.0,0.0,,,,,,,,,,,,,,,,,,,,,,,,,,211.204553,1.0,0.0,0.0,1.0,0.0,0.0,0.0,,,,,2026-09-29 12:58:56.205329+00:00,benign,run16,0
test-pod-apt-run16,default,2026-09-29T13:00:19.420086+00:00,Launch Package Management Process in Container,5,1,3,4,3.0,0.0,1.0,0.0,0.0,0.0,,,,,,,,,,,,,,,,,,,,,,,,,,294.417185,1.0,0.0,0.0,1.0,0.0,0.0,0.0,,,,,2026-09-29 13:00:19.420086+00:00,attack,run16,1
test-pod-run16,default,2026-09-29T13:00:22.687334+00:00,Write below root,1,0,1,3,3.0,0.0,0.0,0.0,0.0,0.0,,,,,,,,,,,,,,,,,,,,,,,,,,302.686512,0.0,0.0,0.0,0.0,0.0,0.0,1.0,,,,,2026-09-29 13:00:22.687334+00:00,attack,run16,1
test-pod-apt-run16,default,2026-09-29T13:00:27.782833+00:00,Potential Local Privilege Escalation via Environment Variables Misuse,6,1,4,4,2.6666666666666665,0.0,1.0,0.0,0.0,0.0,,,,,,,,,,,,,,,,,,,,,,,,,,302.780347,1.0,1.0,0.0,1.0,0.0,0.0,0.0,,,,,2026-09-29 13:00:27.782833+00:00,attack,run16,1
test-pod-run16,default,2026-09-29T13:01:34.097576+00:00,Read sensitive file untrusted,2,0,2,3,2.5,0.0,0.0,1.0,0.0,0.0,,,,,,,,,,,,,,,,,,,,,,,,,,374.096454,0.0,0.0,0.0,0.0,0.0,0.0,1.0,,,,,2026-09-29 13:01:34.097576+00:00,attack,run16,1
test-pod-apt-run16,default,2026-09-29T13:01:37.203719+00:00,Potential Local Privilege Escalation via Environment Variables Misuse,3,0,2,3,1.6666666666666667,0.0,0.0,0.0,0.0,0.0,,,,,,,,,,,,,,,,,,,,,,,,,,372.20294,0.0,1.0,0.0,1.0,0.0,0.0,0.0,,,,,2026-09-29 13:01:37.203719+00:00,attack,run16,1
test-pod-run16,default,2026-09-29T13:03:07.446674+00:00,Drop and execute new binary in container,2,1,2,4,3.0,0.0,1.0,1.0,0.0,0.0,,,,,,,,,,,,,,,,,,,,,,,,,,467.443938,0.0,0.0,0.0,0.0,0.0,0.0,0.0,,,,,2026-09-29 13:03:07.446674+00:00,attack,run16,1
test-pod-apt-run16,default,2026-09-29T13:03:09.535549+00:00,Delete or rename shell history,2,0,2,2,1.5,0.0,0.0,0.0,0.0,0.0,,,,,,,,,,,,,,,,,,,,,,,,,,464.533396,1.0,1.0,0.0,0.0,0.0,0.0,0.0,,,,,2026-09-29 13:03:09.535549+00:00,attack,run16,1
test-pod-run16,default,2026-09-29T13:03:58.668247+00:00,Drop and execute new binary in container,2,2,1,4,4.0,0.0,1.0,0.0,0.0,0.0,,,,,,,,,,,,,,,,,,,,,,,,,,518.66725,0.0,0.0,0.0,0.0,0.0,0.0,0.0,,,,,2026-09-29 13:03:58.668247+00:00,attack,run16,1
test-pod-apt-run16,default,2026-09-29T13:04:43.797571+00:00,Drop and execute new binary in container,2,1,2,4,3.0,0.0,1.0,0.0,0.0,0.0,,,,,,,,,,,,,,,,,,,,,,,,,,558.795557,1.0,0.0,0.0,0.0,0.0,0.0,0.0,,,,,2026-09-29 13:04:43.797571+00:00,attack,run16,1
test-pod-apt-run16,default,2026-09-29T13:04:43.807440+00:00,Contact K8S API Server From Container,3,1,3,4,2.3333333333333335,0.0,1.0,0.0,0.0,1.0,,,,,,,,,,,,,,,,,,,,,,,,,,558.806302,1.0,0.0,0.0,0.0,0.0,0.0,0.0,,,,,2026-09-29 13:04:43.807440+00:00,attack,run16,1
test-pod-apt-run16,default,2026-09-29T13:06:04.028263+00:00,Drop and execute new binary in container,3,2,2,4,3.0,0.0,1.0,0.0,0.0,1.0,,,,,,,,,,,,,,,,,,,,,,,,,,639.017615,0.0,0.0,0.0,0.0,0.0,0.0,0.0,,,,,2026-09-29 13:06:04.028263+00:00,attack,run16,1
test-pod-apt-run16,default,2026-09-29T13:06:04.051542+00:00,Contact K8S API Server From Container,4,2,2,4,2.5,0.0,1.0,0.0,0.0,1.0,,,,,,,,,,,,,,,,,,,,,,,,,,639.050639,0.0,0.0,0.0,0.0,0.0,0.0,0.0,,,,,2026-09-29 13:06:04.051542+00:00,attack,run16,1
test-pod-apt-run16,default,2026-09-29T13:06:07.419889+00:00,Potential Local Privilege Escalation via Environment Variables Misuse,5,2,3,4,2.2,0.0,1.0,0.0,0.0,1.0,,,,,,,,,,,,,,,,,,,,,,,,,,642.416345,0.0,1.0,0.0,0.0,0.0,0.0,0.0,,,,,2026-09-29 13:06:07.419889+00:00,attack,run16,1
test-pod-apt-run16,default,2026-09-29T13:07:41.553799+00:00,Potential Local Privilege Escalation via Environment Variables Misuse,4,1,3,4,1.75,0.0,1.0,0.0,0.0,1.0,,,,,,,,,,,,,,,,,,,,,,,,,,736.551278,0.0,1.0,0.0,0.0,0.0,0.0,0.0,,,,,2026-09-29 13:07:41.553799+00:00,attack,run16,1
test-pod-run16,default,2026-09-29T13:07:47.659536+00:00,Write below root,1,0,1,3,3.0,0.0,0.0,0.0,0.0,0.0,,,,,,,,,,,,,,,,,,,,,,,,,,747.658444,0.0,0.0,0.0,0.0,0.0,0.0,1.0,,,,,2026-09-29 13:07:47.659536+00:00,attack,run16,1
test-pod-apt-run16,default,2026-09-29T13:09:40.276976+00:00,Drop and execute new binary in container,2,1,2,4,2.5,0.0,1.0,0.0,0.0,0.0,,,,,,,,,,,,,,,,,,,,,,,,,,855.276126,0.0,1.0,0.0,0.0,0.0,0.0,0.0,,,,,2026-09-29 13:09:40.276976+00:00,benign,run16,0
test-pod-apt-run16,default,2026-09-29T13:10:49.674932+00:00,Drop and execute new binary in container,2,2,1,4,4.0,0.0,1.0,0.0,0.0,0.0,,,,,,,,,,,,,,,,,,,,,,,,,,924.673555,0.0,0.0,0.0,0.0,0.0,0.0,0.0,,,,,2026-09-29 13:10:49.674932+00:00,attack,run16,1
test-pod-apt-run16,default,2026-09-29T13:10:49.689417+00:00,Contact K8S API Server From Container,3,2,2,4,3.0,0.0,1.0,0.0,0.0,1.0,,,,,,,,,,,,,,,,,,,,,,,,,,924.687785,0.0,0.0,0.0,0.0,0.0,0.0,0.0,,,,,2026-09-29 13:10:49.689417+00:00,attack,run16,1
test-pod-run16,default,2026-09-29T13:10:52.807167+00:00,Drop and execute new binary in container,1,1,1,4,4.0,0.0,1.0,0.0,0.0,0.0,,,,,,,,,,,,,,,,,,,,,,,,,,932.804212,0.0,0.0,0.0,0.0,0.0,0.0,0.0,,,,,2026-09-29 13:10:52.807167+00:00,attack,run16,1
test-pod-apt-run16,default,2026-09-29T13:10:57.906162+00:00,Write below root,4,2,3,4,3.0,0.0,1.0,0.0,0.0,1.0,,,,,,,,,,,,,,,,,,,,,,,,,,932.904463,0.0,0.0,0.0,0.0,0.0,0.0,1.0,,,,,2026-09-29 13:10:57.906162+00:00,attack,run16,1
test-pod-apt-run16,default,2026-09-29T13:12:17.064076+00:00,Launch Package Management Process in Container,4,1,4,4,2.75,0.0,1.0,0.0,0.0,1.0,,,,,,,,,,,,,,,,,,,,,,,,,,1012.063342,0.0,0.0,0.0,1.0,0.0,0.0,1.0,,,,,2026-09-29 13:12:17.064076+00:00,attack,run16,1
test-pod-apt-run16,default,2026-09-29T13:12:21.570340+00:00,Potential Local Privilege Escalation via Environment Variables Misuse,5,1,5,4,2.4,0.0,1.0,0.0,0.0,1.0,,,,,,,,,,,,,,,,,,,,,,,,,,1016.569606,0.0,1.0,0.0,1.0,0.0,0.0,1.0,,,,,2026-09-29 13:12:21.570340+00:00,attack,run16,1
test-pod-run16,default,2026-09-29T13:12:26.675231+00:00,Drop and execute new binary in container,2,2,1,4,4.0,0.0,1.0,0.0,0.0,0.0,,,,,,,,,,,,,,,,,,,,,,,,,,1026.673912,0.0,0.0,0.0,0.0,0.0,0.0,0.0,,,,,2026-09-29 13:12:26.675231+00:00,attack,run16,1
test-pod-run16,default,2026-09-29T13:12:37.885655+00:00,Write below root,3,2,2,4,3.6666666666666665,0.0,1.0,0.0,0.0,0.0,,,,,,,,,,,,,,,,,,,,,,,,,,1037.884326,0.0,0.0,0.0,0.0,0.0,0.0,1.0,,,,,2026-09-29 13:12:37.885655+00:00,attack,run16,1
test-pod-apt-run16,default,2026-09-29T13:12:40.000481+00:00,Write below root,6,1,5,4,2.5,0.0,1.0,0.0,0.0,1.0,,,,,,,,,,,,,,,,,,,,,,,,,,1034.999292,0.0,1.0,0.0,1.0,0.0,0.0,1.0,,,,,2026-09-29 13:12:40.000481+00:00,attack,run16,1
test-pod-apt-run16,default,2026-09-29T13:13:56.109639+00:00,Launch Package Management Process in Container,4,0,3,3,2.5,0.0,0.0,0.0,0.0,0.0,,,,,,,,,,,,,,,,,,,,,,,,,,1111.106459,0.0,1.0,0.0,1.0,0.0,0.0,1.0,,,,,2026-09-29 13:13:56.109639+00:00,attack,run16,1
test-pod-apt-run16,default,2026-09-29T13:13:58.766869+00:00,Drop and execute new binary in container,5,1,4,4,2.8,0.0,1.0,0.0,0.0,0.0,,,,,,,,,,,,,,,,,,,,,,,,,,1113.764178,0.0,1.0,0.0,1.0,0.0,0.0,1.0,,,,,2026-09-29 13:13:58.766869+00:00,attack,run16,1
test-pod-apt-run16,default,2026-09-29T13:13:58.783002+00:00,Contact K8S API Server From Container,6,1,5,4,2.5,0.0,1.0,0.0,0.0,1.0,,,,,,,,,,,,,,,,,,,,,,,,,,1113.782188,0.0,1.0,0.0,1.0,0.0,0.0,1.0,,,,,2026-09-29 13:13:58.783002+00:00,attack,run16,1
test-pod-apt-run16,default,2026-09-29T13:13:59.897884+00:00,Delete or rename shell history,7,1,6,4,2.4285714285714284,0.0,1.0,0.0,0.0,1.0,,,,,,,,,,,,,,,,,,,,,,,,,,1114.896864,1.0,1.0,0.0,1.0,0.0,0.0,1.0,,,,,2026-09-29 13:13:59.897884+00:00,attack,run16,1
test-pod-apt-run16,default,2026-09-29T13:14:06.007265+00:00,Potential Local Privilege Escalation via Environment Variables Misuse,8,1,6,4,2.25,0.0,1.0,0.0,0.0,1.0,,,,,,,,,,,,,,,,,,,,,,,,,,1121.005374,1.0,1.0,0.0,1.0,0.0,0.0,1.0,,,,,2026-09-29 13:14:06.007265+00:00,attack,run16,1
test-pod-run16,default,2026-09-29T13:14:07.112444+00:00,Write below root,3,1,2,4,3.3333333333333335,0.0,1.0,0.0,0.0,0.0,,,,,,,,,,,,,,,,,,,,,,,,,,1127.111491,0.0,0.0,0.0,0.0,0.0,0.0,1.0,,,,,2026-09-29 13:14:07.112444+00:00,attack,run16,1
test-pod-apt-run16,default,2026-09-29T13:14:54.328218+00:00,Delete or rename shell history,6,1,5,4,2.1666666666666665,0.0,1.0,0.0,0.0,1.0,,,,,,,,,,,,,,,,,,,,,,,,,,1169.326281,1.0,1.0,0.0,1.0,0.0,0.0,0.0,,,,,2026-09-29 13:14:54.328218+00:00,attack,run16,1
test-pod-apt-run16,default,2026-09-29T13:16:21.551648+00:00,Delete or rename shell history,2,0,1,2,2.0,0.0,0.0,0.0,0.0,0.0,,,,,,,,,,,,,,,,,,,,,,,,,,1256.550733,1.0,0.0,0.0,0.0,0.0,0.0,0.0,,,,,2026-09-29 13:16:21.551648+00:00,attack,run16,1
test-pod-run16,default,2026-09-29T13:16:22.687152+00:00,Set Setuid or Setgid bit,1,0,1,1,1.0,0.0,0.0,0.0,1.0,0.0,,,,,,,,,,,,,,,,,,,,,,,,,,1262.686171,0.0,0.0,0.0,0.0,0.0,0.0,0.0,,,,,2026-09-29 13:16:22.687152+00:00,attack,run16,1
test-pod-apt-run16,default,2026-09-29T13:16:27.770130+00:00,Potential Local Privilege Escalation via Environment Variables Misuse,3,0,2,2,1.6666666666666667,0.0,0.0,0.0,0.0,0.0,,,,,,,,,,,,,,,,,,,,,,,,,,1262.765902,1.0,1.0,0.0,0.0,0.0,0.0,0.0,,,,,2026-09-29 13:16:27.770130+00:00,attack,run16,1
test-pod-apt-run16,default,2026-09-29T13:16:31.905948+00:00,Write below root,4,0,3,3,2.0,0.0,0.0,0.0,0.0,0.0,,,,,,,,,,,,,,,,,,,,,,,,,,1266.904937,1.0,1.0,0.0,0.0,0.0,0.0,1.0,,,,,2026-09-29 13:16:31.905948+00:00,attack,run16,1
test-pod-apt-run16,default,2026-09-29T13:17:24.119754+00:00,Launch Package Management Process in Container,4,0,4,3,2.25,0.0,0.0,0.0,0.0,0.0,,,,,,,,,,,,,,,,,,,,,,,,,,1319.115432,1.0,1.0,0.0,1.0,0.0,0.0,1.0,,,,,2026-09-29 13:17:24.119754+00:00,attack,run16,1
test-pod-apt-run17,default,2026-09-29T13:26:01.019329+00:00,Launch Package Management Process in Container,2,0,1,3,3.0,0.0,0.0,0.0,0.0,0.0,,,,,,,,,,,,,,,,,,,,,,,,,,192.017894,0.0,0.0,0.0,1.0,0.0,0.0,0.0,,,,,2026-09-29 13:26:01.019329+00:00,benign,run17,0
test-pod-apt-run17,default,2026-09-29T13:26:07.872800+00:00,Drop and execute new binary in container,3,1,2,4,3.3333333333333335,0.0,1.0,0.0,0.0,0.0,,,,,,,,,,,,,,,,,,,,,,,,,,198.872062,0.0,0.0,0.0,1.0,0.0,0.0,0.0,,,,,2026-09-29 13:26:07.872800+00:00,benign,run17,0
test-pod-apt-run17,default,2026-09-29T13:27:04.176137+00:00,Launch Package Management Process in Container,4,1,2,4,3.25,0.0,1.0,0.0,0.0,0.0,,,,,,,,,,,,,,,,,,,,,,,,,,255.174271,0.0,0.0,0.0,1.0,0.0,0.0,0.0,,,,,2026-09-29 13:27:04.176137+00:00,attack,run17,1
test-pod-run17,default,2026-09-29T13:27:09.447689+00:00,Drop and execute new binary in container,1,1,1,4,4.0,0.0,1.0,0.0,0.0,0.0,,,,,,,,,,,,,,,,,,,,,,,,,,268.44398,0.0,0.0,0.0,0.0,0.0,0.0,0.0,,,,,2026-09-29 13:27:09.447689+00:00,attack,run17,1
test-pod-apt-run17,default,2026-09-29T13:28:04.565394+00:00,Write below root,3,1,3,4,3.3333333333333335,0.0,1.0,0.0,0.0,0.0,,,,,,,,,,,,,,,,,,,,,,,,,,315.564683,0.0,0.0,0.0,1.0,0.0,0.0,1.0,,,,,2026-09-29 13:28:04.565394+00:00,attack,run17,1
test-pod-apt-run17,default,2026-09-29T13:29:08.787221+00:00,Drop and execute new binary in container,2,1,2,4,3.5,0.0,1.0,0.0,0.0,0.0,,,,,,,,,,,,,,,,,,,,,,,,,,379.78452,0.0,0.0,0.0,0.0,0.0,0.0,1.0,,,,,2026-09-29 13:29:08.787221+00:00,attack,run17,1
test-pod-apt-run17,default,2026-09-29T13:29:08.811844+00:00,Contact K8S API Server From Container,3,1,3,4,2.6666666666666665,0.0,1.0,0.0,0.0,1.0,,,,,,,,,,,,,,,,,,,,,,,,,,379.803007,0.0,0.0,0.0,0.0,0.0,0.0,1.0,,,,,2026-09-29 13:29:08.811844+00:00,attack,run17,1
test-pod-run17,default,2026-09-29T13:31:16.084292+00:00,Write below root,1,0,1,3,3.0,0.0,0.0,0.0,0.0,0.0,,,,,,,,,,,,,,,,,,,,,,,,,,515.083189,0.0,0.0,0.0,0.0,0.0,0.0,1.0,,,,,2026-09-29 13:31:16.084292+00:00,attack,run17,1
test-pod-run17,default,2026-09-29T13:31:30.533977+00:00,Set Setuid or Setgid bit,2,0,2,3,2.0,0.0,0.0,0.0,1.0,0.0,,,,,,,,,,,,,,,,,,,,,,,,,,529.533152,0.0,0.0,0.0,0.0,0.0,0.0,1.0,,,,,2026-09-29 13:31:30.533977+00:00,attack,run17,1
test-pod-apt-run17,default,2026-09-29T13:31:33.637498+00:00,Delete or rename shell history,1,0,1,2,2.0,0.0,0.0,0.0,0.0,0.0,,,,,,,,,,,,,,,,,,,,,,,,,,524.636626,1.0,0.0,0.0,0.0,0.0,0.0,0.0,,,,,2026-09-29 13:31:33.637498+00:00,attack,run17,1
test-pod-apt-run17,default,2026-09-29T13:33:15.862615+00:00,Drop and execute new binary in container,2,1,2,4,3.0,0.0,1.0,0.0,0.0,0.0,,,,,,,,,,,,,,,,,,,,,,,,,,626.861314,1.0,0.0,0.0,0.0,0.0,0.0,0.0,,,,,2026-09-29 13:33:15.862615+00:00,benign,run17,0
test-pod-apt-run17,default,2026-09-29T13:35:06.088733+00:00,Write below root,2,1,2,4,3.5,0.0,1.0,0.0,0.0,0.0,,,,,,,,,,,,,,,,,,,,,,,,,,737.087403,0.0,0.0,0.0,0.0,0.0,0.0,1.0,,,,,2026-09-29 13:35:06.088733+00:00,attack,run17,1
test-pod-apt-run17,default,2026-09-29T13:35:12.179316+00:00,Potential Local Privilege Escalation via Environment Variables Misuse,3,1,3,4,2.6666666666666665,0.0,1.0,0.0,0.0,0.0,,,,,,,,,,,,,,,,,,,,,,,,,,743.177162,0.0,1.0,0.0,0.0,0.0,0.0,1.0,,,,,2026-09-29 13:35:12.179316+00:00,attack,run17,1
test-pod-run17,default,2026-09-29T13:35:22.451990+00:00,Read sensitive file untrusted,1,0,1,2,2.0,0.0,0.0,1.0,0.0,0.0,,,,,,,,,,,,,,,,,,,,,,,,,,761.448521,0.0,0.0,0.0,0.0,0.0,0.0,0.0,,,,,2026-09-29 13:35:22.451990+00:00,attack,run17,1
test-pod-run17,default,2026-09-29T13:35:28.577996+00:00,Write below root,2,0,2,3,2.5,0.0,0.0,1.0,0.0,0.0,,,,,,,,,,,,,,,,,,,,,,,,,,767.576973,0.0,0.0,0.0,0.0,0.0,0.0,1.0,,,,,2026-09-29 13:35:28.577996+00:00,attack,run17,1
test-pod-run17,default,2026-09-29T13:36:49.814184+00:00,Write below root,3,0,2,3,2.6666666666666665,0.0,0.0,1.0,0.0,0.0,,,,,,,,,,,,,,,,,,,,,,,,,,848.812848,0.0,0.0,0.0,0.0,0.0,0.0,1.0,,,,,2026-09-29 13:36:49.814184+00:00,attack,run17,1
test-pod-run17,default,2026-09-29T13:36:51.931254+00:00,Set Setuid or Setgid bit,4,0,3,3,2.25,0.0,0.0,1.0,1.0,0.0,,,,,,,,,,,,,,,,,,,,,,,,,,850.929546,0.0,0.0,0.0,0.0,0.0,0.0,1.0,,,,,2026-09-29 13:36:51.931254+00:00,attack,run17,1
test-pod-apt-run17,default,2026-09-29T13:36:57.069729+00:00,Launch Package Management Process in Container,3,0,3,3,2.3333333333333335,0.0,0.0,0.0,0.0,0.0,,,,,,,,,,,,,,,,,,,,,,,,,,848.068638,0.0,1.0,0.0,1.0,0.0,0.0,1.0,,,,,2026-09-29 13:36:57.069729+00:00,attack,run17,1
test-pod-run17,default,2026-09-29T13:37:01.302098+00:00,Drop and execute new binary in container,5,1,4,4,2.6,0.0,1.0,1.0,1.0,0.0,,,,,,,,,,,,,,,,,,,,,,,,,,860.301222,0.0,0.0,0.0,0.0,0.0,0.0,1.0,,,,,2026-09-29 13:37:01.302098+00:00,attack,run17,1
test-pod-run17,default,2026-09-29T13:37:13.637810+00:00,Read sensitive file untrusted,6,1,4,4,2.5,0.0,1.0,1.0,1.0,0.0,,,,,,,,,,,,,,,,,,,,,,,,,,872.635862,0.0,0.0,0.0,0.0,0.0,0.0,1.0,,,,,2026-09-29 13:37:13.637810+00:00,attack,run17,1
test-pod-apt-run17,default,2026-09-29T13:37:15.739088+00:00,Drop and execute new binary in container,2,1,2,4,3.5,0.0,1.0,0.0,0.0,0.0,,,,,,,,,,,,,,,,,,,,,,,,,,866.737744,0.0,0.0,0.0,1.0,0.0,0.0,0.0,,,,,2026-09-29 13:37:15.739088+00:00,attack,run17,1
test-pod-apt-run17,default,2026-09-29T13:37:15.771779+00:00,Contact K8S API Server From Container,3,1,3,4,2.6666666666666665,0.0,1.0,0.0,0.0,1.0,,,,,,,,,,,,,,,,,,,,,,,,,,866.770535,0.0,0.0,0.0,1.0,0.0,0.0,0.0,,,,,2026-09-29 13:37:15.771779+00:00,attack,run17,1
test-pod-apt-run18,default,2026-09-29T13:59:21.113987+00:00,Launch Package Management Process in Container,2,0,1,3,3.0,0.0,0.0,0.0,0.0,0.0,,,,,,,,,,,,,,,,,,,,,,,,,,199.112866,0.0,0.0,0.0,1.0,0.0,0.0,0.0,,,,,2026-09-29 13:59:21.113987+00:00,benign,run18,0
test-pod-apt-run18,default,2026-09-29T13:59:21.732901+00:00,Launch Package Management Process in Container,3,0,1,3,3.0,0.0,0.0,0.0,0.0,0.0,,,,,,,,,,,,,,,,,,,,,,,,,,199.731449,0.0,0.0,0.0,1.0,0.0,0.0,0.0,,,,,2026-09-29 13:59:21.732901+00:00,benign,run18,0
test-pod-apt-run18,default,2026-09-29T13:59:21.863872+00:00,Launch Package Management Process in Container,4,0,1,3,3.0,0.0,0.0,0.0,0.0,0.0,,,,,,,,,,,,,,,,,,,,,,,,,,199.862992,0.0,0.0,0.0,1.0,0.0,0.0,0.0,,,,,2026-09-29 13:59:21.863872+00:00,benign,run18,0
test-pod-apt-run18,default,2026-09-29T13:59:29.271535+00:00,Drop and execute new binary in container,5,1,2,4,3.2,0.0,1.0,0.0,0.0,0.0,,,,,,,,,,,,,,,,,,,,,,,,,,207.265719,0.0,0.0,0.0,1.0,0.0,0.0,0.0,,,,,2026-09-29 13:59:29.271535+00:00,benign,run18,0
test-pod-apt-run18,default,2026-09-29T13:59:30.425947+00:00,Launch Package Management Process in Container,6,1,2,4,3.1666666666666665,0.0,1.0,0.0,0.0,0.0,,,,,,,,,,,,,,,,,,,,,,,,,,208.423133,0.0,0.0,0.0,1.0,0.0,0.0,0.0,,,,,2026-09-29 13:59:30.425947+00:00,benign,run18,0
test-pod-apt-run18,default,2026-09-29T13:59:33.983082+00:00,Delete or rename shell history,7,1,3,4,3.0,0.0,1.0,0.0,0.0,0.0,,,,,,,,,,,,,,,,,,,,,,,,,,211.981714,1.0,0.0,0.0,1.0,0.0,0.0,0.0,,,,,2026-09-29 13:59:33.983082+00:00,attack,run18,1
test-pod-apt-run18,default,2026-09-29T13:59:38.185028+00:00,Write below root,8,1,4,4,3.0,0.0,1.0,0.0,0.0,0.0,,,,,,,,,,,,,,,,,,,,,,,,,,216.184059,1.0,0.0,0.0,1.0,0.0,0.0,1.0,,,,,2026-09-29 13:59:38.185028+00:00,attack,run18,1
test-pod-run18,default,2026-09-29T13:59:43.293623+00:00,Write below root,1,0,1,3,3.0,0.0,0.0,0.0,0.0,0.0,,,,,,,,,,,,,,,,,,,,,,,,,,226.29228,0.0,0.0,0.0,0.0,0.0,0.0,1.0,,,,,2026-09-29 13:59:43.293623+00:00,attack,run18,1
test-pod-apt-run18,default,2026-09-29T14:00:50.603636+00:00,Potential Local Privilege Escalation via Environment Variables Misuse,9,1,5,4,2.7777777777777777,0.0,1.0,0.0,0.0,0.0,,,,,,,,,,,,,,,,,,,,,,,,,,288.602883,1.0,1.0,0.0,1.0,0.0,0.0,1.0,,,,,2026-09-29 14:00:50.603636+00:00,attack,run18,1
test-pod-run18,default,2026-09-29T14:00:56.779596+00:00,Read sensitive file untrusted,2,0,2,3,2.5,0.0,0.0,1.0,0.0,0.0,,,,,,,,,,,,,,,,,,,,,,,,,,299.778605,0.0,0.0,0.0,0.0,0.0,0.0,1.0,,,,,2026-09-29 14:00:56.779596+00:00,attack,run18,1
test-pod-run18,default,2026-09-29T14:01:04.034072+00:00,Set Setuid or Setgid bit,3,0,3,3,2.0,0.0,0.0,1.0,1.0,0.0,,,,,,,,,,,,,,,,,,,,,,,,,,307.030309,0.0,0.0,0.0,0.0,0.0,0.0,1.0,,,,,2026-09-29 14:01:04.034072+00:00,attack,run18,1
test-pod-apt-run18,default,2026-09-29T14:04:33.261291+00:00,Delete or rename shell history,1,0,1,2,2.0,0.0,0.0,0.0,0.0,0.0,,,,,,,,,,,,,,,,,,,,,,,,,,511.258314,1.0,0.0,0.0,0.0,0.0,0.0,0.0,,,,,2026-09-29 14:04:33.261291+00:00,attack,run18,1
test-pod-run18,default,2026-09-29T14:05:58.379042+00:00,Write below root,1,0,1,3,3.0,0.0,0.0,0.0,0.0,0.0,,,,,,,,,,,,,,,,,,,,,,,,,,601.378052,0.0,0.0,0.0,0.0,0.0,0.0,1.0,,,,,2026-09-29 14:05:58.379042+00:00,attack,run18,1
test-pod-run18,default,2026-09-29T14:06:04.511964+00:00,Read sensitive file untrusted,2,0,2,3,2.5,0.0,0.0,1.0,0.0,0.0,,,,,,,,,,,,,,,,,,,,,,,,,,607.511095,0.0,0.0,0.0,0.0,0.0,0.0,1.0,,,,,2026-09-29 14:06:04.511964+00:00,attack,run18,1
test-pod-apt-run18,default,2026-09-29T14:06:09.618013+00:00,Write below root,2,0,2,3,2.5,0.0,0.0,0.0,0.0,0.0,,,,,,,,,,,,,,,,,,,,,,,,,,607.616857,1.0,0.0,0.0,0.0,0.0,0.0,1.0,,,,,2026-09-29 14:06:09.618013+00:00,attack,run18,1
test-pod-run18,default,2026-09-29T14:06:15.748622+00:00,Drop and execute new binary in container,3,1,3,4,3.0,0.0,1.0,1.0,0.0,0.0,,,,,,,,,,,,,,,,,,,,,,,,,,618.74709,0.0,0.0,0.0,0.0,0.0,0.0,1.0,,,,,2026-09-29 14:06:15.748622+00:00,attack,run18,1
test-pod-apt-run18,default,2026-09-29T14:07:06.085105+00:00,Drop and execute new binary in container,2,1,2,4,3.5,0.0,1.0,0.0,0.0,0.0,,,,,,,,,,,,,,,,,,,,,,,,,,664.084147,0.0,0.0,0.0,0.0,0.0,0.0,1.0,,,,,2026-09-29 14:07:06.085105+00:00,attack,run18,1
test-pod-apt-run18,default,2026-09-29T14:07:06.110812+00:00,Contact K8S API Server From Container,3,1,3,4,2.6666666666666665,0.0,1.0,0.0,0.0,1.0,,,,,,,,,,,,,,,,,,,,,,,,,,664.109111,0.0,0.0,0.0,0.0,0.0,0.0,1.0,,,,,2026-09-29 14:07:06.110812+00:00,attack,run18,1
test-pod-apt-run18,default,2026-09-29T14:07:48.228114+00:00,Launch Package Management Process in Container,4,1,4,4,2.75,0.0,1.0,0.0,0.0,1.0,,,,,,,,,,,,,,,,,,,,,,,,,,706.226921,0.0,0.0,0.0,1.0,0.0,0.0,1.0,,,,,2026-09-29 14:07:48.228114+00:00,attack,run18,1
test-pod-apt-run18,default,2026-09-29T14:10:07.352775+00:00,Write below root,1,0,1,3,3.0,0.0,0.0,0.0,0.0,0.0,,,,,,,,,,,,,,,,,,,,,,,,,,845.339455,0.0,0.0,0.0,0.0,0.0,0.0,1.0,,,,,2026-09-29 14:10:07.352775+00:00,attack,run18,1
test-pod-apt-run18,default,2026-09-29T14:10:10.452103+00:00,Drop and execute new binary in container,2,1,2,4,3.5,0.0,1.0,0.0,0.0,0.0,,,,,,,,,,,,,,,,,,,,,,,,,,848.449431,0.0,0.0,0.0,0.0,0.0,0.0,1.0,,,,,2026-09-29 14:10:10.452103+00:00,attack,run18,1
test-pod-apt-run18,default,2026-09-29T14:10:10.483746+00:00,Contact K8S API Server From Container,3,1,3,4,2.6666666666666665,0.0,1.0,0.0,0.0,1.0,,,,,,,,,,,,,,,,,,,,,,,,,,848.482607,0.0,0.0,0.0,0.0,0.0,0.0,1.0,,,,,2026-09-29 14:10:10.483746+00:00,attack,run18,1
test-pod-run18,default,2026-09-29T14:10:16.596060+00:00,Write below root,1,0,1,3,3.0,0.0,0.0,0.0,0.0,0.0,,,,,,,,,,,,,,,,,,,,,,,,,,859.595347,0.0,0.0,0.0,0.0,0.0,0.0,1.0,,,,,2026-09-29 14:10:16.596060+00:00,attack,run18,1
test-pod-apt-run18,default,2026-09-29T14:10:20.686817+00:00,Delete or rename shell history,4,1,4,4,2.5,0.0,1.0,0.0,0.0,1.0,,,,,,,,,,,,,,,,,,,,,,,,,,858.686058,1.0,0.0,0.0,0.0,0.0,0.0,1.0,,,,,2026-09-29 14:10:20.686817+00:00,attack,run18,1
test-pod-apt-run18,default,2026-09-29T14:11:17.810534+00:00,Drop and execute new binary in container,5,2,4,4,2.8,0.0,1.0,0.0,0.0,1.0,,,,,,,,,,,,,,,,,,,,,,,,,,915.803227,1.0,0.0,0.0,0.0,0.0,0.0,1.0,,,,,2026-09-29 14:11:17.810534+00:00,benign,run18,0
test-pod-apt-run18,default,2026-09-29T14:12:47.287049+00:00,Potential Local Privilege Escalation via Environment Variables Misuse,2,1,2,4,2.5,0.0,1.0,0.0,0.0,0.0,,,,,,,,,,,,,,,,,,,,,,,,,,1005.286015,0.0,1.0,0.0,0.0,0.0,0.0,0.0,,,,,2026-09-29 14:12:47.287049+00:00,attack,run18,1
test-pod-run18,default,2026-09-29T14:12:48.454813+00:00,Read sensitive file untrusted,1,0,1,2,2.0,0.0,0.0,1.0,0.0,0.0,,,,,,,,,,,,,,,,,,,,,,,,,,1011.451216,0.0,0.0,0.0,0.0,0.0,0.0,0.0,,,,,2026-09-29 14:12:48.454813+00:00,attack,run18,1
test-pod-apt-run18,default,2026-09-29T14:12:50.567743+00:00,Write below root,3,1,3,4,2.6666666666666665,0.0,1.0,0.0,0.0,0.0,,,,,,,,,,,,,,,,,,,,,,,,,,1008.566867,0.0,1.0,0.0,0.0,0.0,0.0,1.0,,,,,2026-09-29 14:12:50.567743+00:00,attack,run18,1
test-pod-run18,default,2026-09-29T14:12:53.689337+00:00,Drop and execute new binary in container,2,1,2,4,3.0,0.0,1.0,1.0,0.0,0.0,,,,,,,,,,,,,,,,,,,,,,,,,,1016.688472,0.0,0.0,0.0,0.0,0.0,0.0,0.0,,,,,2026-09-29 14:12:53.689337+00:00,attack,run18,1
test-pod-apt-run18,default,2026-09-29T14:16:40.915340+00:00,Launch Package Management Process in Container,1,0,1,3,3.0,0.0,0.0,0.0,0.0,0.0,,,,,,,,,,,,,,,,,,,,,,,,,,1238.912431,0.0,0.0,0.0,1.0,0.0,0.0,0.0,,,,,2026-09-29 14:16:40.915340+00:00,attack,run18,1
test-pod-apt-run18,default,2026-09-29T14:16:46.069828+00:00,Delete or rename shell history,2,0,2,3,2.5,0.0,0.0,0.0,0.0,0.0,,,,,,,,,,,,,,,,,,,,,,,,,,1244.068925,1.0,0.0,0.0,1.0,0.0,0.0,0.0,,,,,2026-09-29 14:16:46.069828+00:00,attack,run18,1
test-pod-run18,default,2026-09-29T14:16:52.164410+00:00,Set Setuid or Setgid bit,1,0,1,1,1.0,0.0,0.0,0.0,1.0,0.0,,,,,,,,,,,,,,,,,,,,,,,,,,1255.163725,0.0,0.0,0.0,0.0,0.0,0.0,0.0,,,,,2026-09-29 14:16:52.164410+00:00,attack,run18,1
test-pod-apt-run19,default,2026-09-29T14:38:16.712843+00:00,Launch Package Management Process in Container,2,0,1,3,3.0,0.0,0.0,0.0,0.0,0.0,,,,,,,,,,,,,,,,,,,,,,,,,,192.706386,0.0,0.0,0.0,1.0,0.0,0.0,0.0,,,,,2026-09-29 14:38:16.712843+00:00,benign,run19,0
test-pod-apt-run19,default,2026-09-29T14:38:26.816186+00:00,Drop and execute new binary in container,3,1,2,4,3.3333333333333335,0.0,1.0,0.0,0.0,0.0,,,,,,,,,,,,,,,,,,,,,,,,,,202.815,0.0,0.0,0.0,1.0,0.0,0.0,0.0,,,,,2026-09-29 14:38:26.816186+00:00,benign,run19,0
test-pod-apt-run19,default,2026-09-29T14:39:53.134591+00:00,Launch Package Management Process in Container,4,1,2,4,3.25,0.0,1.0,0.0,0.0,0.0,,,,,,,,,,,,,,,,,,,,,,,,,,289.122047,0.0,0.0,0.0,1.0,0.0,0.0,0.0,,,,,2026-09-29 14:39:53.134591+00:00,attack,run19,1
test-pod-apt-run19,default,2026-09-29T14:41:30.410706+00:00,Launch Package Management Process in Container,2,0,1,3,3.0,0.0,0.0,0.0,0.0,0.0,,,,,,,,,,,,,,,,,,,,,,,,,,386.409825,0.0,0.0,0.0,1.0,0.0,0.0,0.0,,,,,2026-09-29 14:41:30.410706+00:00,attack,run19,1
test-pod-run19,default,2026-09-29T14:43:05.116321+00:00,Drop and execute new binary in container,1,1,1,4,4.0,0.0,1.0,0.0,0.0,0.0,,,,,,,,,,,,,,,,,,,,,,,,,,485.115175,0.0,0.0,0.0,0.0,0.0,0.0,0.0,,,,,2026-09-29 14:43:05.116321+00:00,attack,run19,1
test-pod-run19,default,2026-09-29T14:43:21.410032+00:00,Read sensitive file untrusted,2,1,2,4,3.0,0.0,1.0,1.0,0.0,0.0,,,,,,,,,,,,,,,,,,,,,,,,,,501.409225,0.0,0.0,0.0,0.0,0.0,0.0,0.0,,,,,2026-09-29 14:43:21.410032+00:00,attack,run19,1
test-pod-apt-run19,default,2026-09-29T14:44:40.653117+00:00,Drop and execute new binary in container,1,1,1,4,4.0,0.0,1.0,0.0,0.0,0.0,,,,,,,,,,,,,,,,,,,,,,,,,,576.651756,0.0,0.0,0.0,0.0,0.0,0.0,0.0,,,,,2026-09-29 14:44:40.653117+00:00,benign,run19,0
test-pod-apt-run19,default,2026-09-29T14:45:58.236168+00:00,Drop and execute new binary in container,2,2,1,4,4.0,0.0,1.0,0.0,0.0,0.0,,,,,,,,,,,,,,,,,,,,,,,,,,654.233918,0.0,0.0,0.0,0.0,0.0,0.0,0.0,,,,,2026-09-29 14:45:58.236168+00:00,benign,run19,0
test-pod-apt-run19,default,2026-09-29T14:46:46.709953+00:00,Drop and execute new binary in container,2,2,1,4,4.0,0.0,1.0,0.0,0.0,0.0,,,,,,,,,,,,,,,,,,,,,,,,,,702.708463,0.0,0.0,0.0,0.0,0.0,0.0,0.0,,,,,2026-09-29 14:46:46.709953+00:00,benign,run19,0
test-pod-apt-run19,default,2026-09-29T14:48:21.221506+00:00,Delete or rename shell history,2,1,2,4,3.0,0.0,1.0,0.0,0.0,0.0,,,,,,,,,,,,,,,,,,,,,,,,,,797.22059,1.0,0.0,0.0,0.0,0.0,0.0,0.0,,,,,2026-09-29 14:48:21.221506+00:00,attack,run19,1
test-pod-apt-run19,default,2026-09-29T14:48:28.432375+00:00,Drop and execute new binary in container,3,2,2,4,3.3333333333333335,0.0,1.0,0.0,0.0,0.0,,,,,,,,,,,,,,,,,,,,,,,,,,804.4316,1.0,0.0,0.0,0.0,0.0,0.0,0.0,,,,,2026-09-29 14:48:28.432375+00:00,attack,run19,1
test-pod-apt-run19,default,2026-09-29T14:48:28.471251+00:00,Contact K8S API Server From Container,4,2,3,4,2.75,0.0,1.0,0.0,0.0,1.0,,,,,,,,,,,,,,,,,,,,,,,,,,804.46793,1.0,0.0,0.0,0.0,0.0,0.0,0.0,,,,,2026-09-29 14:48:28.471251+00:00,attack,run19,1
test-pod-apt-run19,default,2026-09-29T14:49:40.624146+00:00,Write below root,4,1,4,4,2.5,0.0,1.0,0.0,0.0,1.0,,,,,,,,,,,,,,,,,,,,,,,,,,876.622514,1.0,0.0,0.0,0.0,0.0,0.0,1.0,,,,,2026-09-29 14:49:40.624146+00:00,attack,run19,1
test-pod-apt-run19,default,2026-09-29T14:52:13.712980+00:00,Write below root,1,0,1,3,3.0,0.0,0.0,0.0,0.0,0.0,,,,,,,,,,,,,,,,,,,,,,,,,,1029.711744,0.0,0.0,0.0,0.0,0.0,0.0,1.0,,,,,2026-09-29 14:52:13.712980+00:00,attack,run19,1
test-pod-run19,default,2026-09-29T14:52:15.811229+00:00,Drop and execute new binary in container,1,1,1,4,4.0,0.0,1.0,0.0,0.0,0.0,,,,,,,,,,,,,,,,,,,,,,,,,,1035.809843,0.0,0.0,0.0,0.0,0.0,0.0,0.0,,,,,2026-09-29 14:52:15.811229+00:00,attack,run19,1
test-pod-apt-run19,default,2026-09-29T14:52:16.952722+00:00,Launch Package Management Process in Container,2,0,2,3,3.0,0.0,0.0,0.0,0.0,0.0,,,,,,,,,,,,,,,,,,,,,,,,,,1032.951144,0.0,0.0,0.0,1.0,0.0,0.0,1.0,,,,,2026-09-29 14:52:16.952722+00:00,attack,run19,1
test-pod-apt-run19,default,2026-09-29T14:53:34.956250+00:00,Drop and execute new binary in container,3,1,3,4,3.3333333333333335,0.0,1.0,0.0,0.0,0.0,,,,,,,,,,,,,,,,,,,,,,,,,,1110.955321,0.0,0.0,0.0,1.0,0.0,0.0,1.0,,,,,2026-09-29 14:53:34.956250+00:00,benign,run19,0
test-pod-apt-run19,default,2026-09-29T14:54:36.451464+00:00,Potential Local Privilege Escalation via Environment Variables Misuse,2,1,2,4,2.5,0.0,1.0,0.0,0.0,0.0,,,,,,,,,,,,,,,,,,,,,,,,,,1172.450696,0.0,1.0,0.0,0.0,0.0,0.0,0.0,,,,,2026-09-29 14:54:36.451464+00:00,attack,run19,1
test-pod-run19,default,2026-09-29T14:54:41.552717+00:00,Set Setuid or Setgid bit,1,0,1,1,1.0,0.0,0.0,0.0,1.0,0.0,,,,,,,,,,,,,,,,,,,,,,,,,,1181.547392,0.0,0.0,0.0,0.0,0.0,0.0,0.0,,,,,2026-09-29 14:54:41.552717+00:00,attack,run19,1
test-pod-run19,default,2026-09-29T14:54:47.790826+00:00,Read sensitive file untrusted,2,0,2,2,1.5,0.0,0.0,1.0,1.0,0.0,,,,,,,,,,,,,,,,,,,,,,,,,,1187.789856,0.0,0.0,0.0,0.0,0.0,0.0,0.0,,,,,2026-09-29 14:54:47.790826+00:00,attack,run19,1
